split,family,model,arm,eligible,verify,equality,identifier,alignment,bytes,weighted_distance,nodes,aliases,builder_calls,builder_wall_us,builder_cpu_us,builder_capacity_bytes,builder_scratch_bytes,builder_reallocated,verify_wall_us,verify_cpu_us,equivalence_wall_us,equivalence_cpu_us,reader_generic_warm_ns,reader_generic_cold_ns,reader_trace_warm_ns,reader_trace_warm_cpu_ns,reader_trace_cold_ns,reader_trace_cold_cpu_ns,graph_extraction_wall_us,graph_extraction_cpu_us,planner_wall_ms,planner_cpu_ms,planner_peak_rss,planner_states,planner_transitions,planner_merges,planner_distinct_raw_merges,planner_temp_bytes,useful_residual_actions,candidate_plan_transitions,fallback,process_peak_rss,total_temp_bytes,end_to_end_construction_wall_us,end_to_end_construction_cpu_us,canonical_fnv64,plan_fnv64
train,quantize,00_quantize_quantize0,generated_pack_default,1,1,1,1,1,408,768768,25,0,0,1.627,0.000,1024,0,0,0.142,0.000,36.100,0.000,14.040,75808.000,26.940,0.000,70180.000,60000.000,0.000,0.000,0.000,0.000,0,0,0,0,0,0,0,0,0,13082624,1024,37.869,0.000,17233418536327131010,1469598103934665603
train,quantize,00_quantize_quantize0,stable_legal_topo,1,1,1,1,1,400,1278464,25,0,73,3.260,0.000,1024,0,0,0.142,0.000,44.100,0.000,14.060,72158.000,27.000,0.000,70392.000,60000.000,77.300,1000.000,0.006,0.000,4272128,25,0,0,0,200,0,25,0,13107200,1224,130.402,1000.000,17233418536327131010,5342268063401590554
train,quantize,00_quantize_quantize0,stable_dedup_off,1,1,1,1,1,424,1357312,25,0,73,1.413,0.000,1024,0,0,0.141,0.000,43.100,0.000,14.060,71574.000,27.100,200.000,70884.000,60000.000,77.300,1000.000,0.006,0.000,4272128,25,0,0,0,200,0,25,0,13111296,1224,127.554,1000.000,17233418536327131010,5342268063401590554
train,quantize,00_quantize_quantize0,stable_size_matched_capacity,1,1,1,1,1,400,1278464,25,0,73,2.530,0.000,616,0,1,0.142,0.000,38.500,0.000,13.860,72734.000,26.860,0.000,70374.000,80000.000,77.300,1000.000,0.006,0.000,4272128,25,0,0,0,200,0,25,0,13111296,816,124.071,1000.000,17233418536327131010,5342268063401590554
train,quantize,00_quantize_quantize0,hot_first_ready,1,1,1,1,1,408,1377024,25,0,73,2.280,0.000,1024,0,0,0.142,0.000,39.400,0.000,13.740,72250.000,27.080,0.000,69824.000,80000.000,77.300,1000.000,0.005,0.000,4272128,25,0,0,0,200,0,25,0,13111296,1224,124.222,1000.000,17233418536327131010,11108411112992920370
train,quantize,00_quantize_quantize0,local_field_order,1,1,1,1,1,400,1278464,25,0,73,2.413,0.000,1024,0,0,0.172,0.000,47.700,0.000,14.120,72840.000,27.020,0.000,70294.000,60000.000,77.300,1000.000,0.003,0.000,4272128,25,0,0,0,200,0,25,0,13111296,1224,130.185,1000.000,17233418536327131010,10840021880163052426
train,quantize,00_quantize_quantize0,generic_bounded_beam,1,1,1,1,1,408,1827584,25,0,73,2.190,0.000,1024,0,0,0.142,0.000,36.600,0.000,14.040,72042.000,26.840,0.000,70156.000,60000.000,77.300,1000.000,2.521,2.000,4608000,200,1538,0,0,6656,0,25,0,13111296,7680,2637.232,3000.000,17233418536327131010,8531049897679802052
train,quantize,00_quantize_quantize0,fb_rcfdp_bounded,1,1,1,1,1,408,1821952,25,0,73,2.207,33.333,1024,0,0,0.142,0.000,39.200,0.000,13.800,76110.000,26.960,0.000,70840.000,60000.000,77.300,1000.000,5.502,6.000,4747264,193,1538,27,27,6208,0,25,0,13111296,7232,5620.449,7033.333,17233418536327131010,14123931203845049066
train,quantize,01_quantize_quantize1,generated_pack_default,1,1,1,1,1,408,768768,25,0,0,1.550,0.000,1024,0,0,0.141,0.000,34.700,0.000,13.860,72086.000,28.240,0.000,69758.000,80000.000,0.000,0.000,0.000,0.000,0,0,0,0,0,0,0,0,0,13078528,1024,36.391,0.000,16765929746940610966,1469598103934665603
train,quantize,01_quantize_quantize1,stable_legal_topo,1,1,1,1,1,400,1278464,25,0,73,2.230,0.000,1024,0,0,0.142,0.000,40.700,0.000,13.860,71000.000,27.880,0.000,69992.000,60000.000,62.500,0.000,0.005,0.000,4276224,25,0,0,0,200,0,25,0,13135872,1224,110.472,0.000,16765929746940610966,5342268063401590554
train,quantize,01_quantize_quantize1,stable_dedup_off,1,1,1,1,1,424,1357312,25,0,73,1.427,0.000,1024,0,0,0.144,0.000,47.700,0.000,14.800,71176.000,26.980,200.000,70466.000,60000.000,62.500,0.000,0.005,0.000,4276224,25,0,0,0,200,0,25,0,13135872,1224,116.671,0.000,16765929746940610966,5342268063401590554
train,quantize,01_quantize_quantize1,stable_size_matched_capacity,1,1,1,1,1,400,1278464,25,0,73,2.337,33.333,616,0,1,0.142,0.000,40.600,0.000,13.660,72346.000,28.080,0.000,70704.000,80000.000,62.500,0.000,0.005,0.000,4276224,25,0,0,0,200,0,25,0,13135872,816,110.479,33.333,16765929746940610966,5342268063401590554
train,quantize,01_quantize_quantize1,hot_first_ready,1,1,1,1,1,408,1377024,25,0,73,2.427,0.000,1024,0,0,0.142,0.000,41.000,0.000,13.720,72146.000,27.020,0.000,70068.000,80000.000,62.500,0.000,0.005,0.000,4276224,25,0,0,0,200,0,25,0,13135872,1224,110.769,0.000,16765929746940610966,11108411112992920370
train,quantize,01_quantize_quantize1,local_field_order,1,1,1,1,1,400,1278464,25,0,73,2.283,0.000,1024,0,0,0.142,0.000,34.700,0.000,14.380,71798.000,28.020,0.000,70514.000,60000.000,62.500,0.000,0.003,0.000,4276224,25,0,0,0,200,0,25,0,13135872,1224,102.126,0.000,16765929746940610966,10840021880163052426
train,quantize,01_quantize_quantize1,generic_bounded_beam,1,1,1,1,1,408,1827584,25,0,73,2.177,0.000,1024,0,0,0.142,0.000,36.700,0.000,14.040,72044.000,27.200,200.000,70212.000,60000.000,62.500,0.000,2.391,3.000,4640768,200,1538,0,0,6656,0,25,0,13135872,7680,2492.219,3000.000,16765929746940610966,8531049897679802052
train,quantize,01_quantize_quantize1,fb_rcfdp_bounded,1,1,1,1,1,408,1821952,25,0,73,2.147,0.000,1024,0,0,0.166,5.000,35.300,0.000,13.760,72786.000,28.360,0.000,70172.000,80000.000,62.500,0.000,5.454,5.000,4730880,193,1538,27,27,6208,0,25,0,13135872,7232,5554.012,5005.000,16765929746940610966,14123931203845049066
train,leaky_relu,02_leaky_relu_leaky_relu0,generated_pack_default,1,1,1,1,1,856,1698048,32,0,0,2.263,0.000,1024,0,0,0.166,0.000,59.700,0.000,15.020,72358.000,28.740,0.000,70006.000,60000.000,0.000,0.000,0.000,0.000,0,0,0,0,0,0,0,0,0,13266944,1024,62.129,0.000,16651537719671144799,1469598103934665603
train,leaky_relu,02_leaky_relu_leaky_relu0,stable_legal_topo,1,1,1,1,1,872,3198976,32,0,93,3.043,0.000,1024,0,0,0.162,0.000,55.100,0.000,16.660,71786.000,28.340,200.000,70584.000,60000.000,107.600,0.000,0.005,0.000,4284416,32,0,0,0,256,0,32,0,13324288,1280,171.305,0.000,16651537719671144799,7338820247994720197
train,leaky_relu,02_leaky_relu_leaky_relu0,stable_dedup_off,1,1,1,1,1,896,3289088,32,0,93,2.143,0.000,1024,0,0,0.174,0.000,51.700,0.000,14.940,72494.000,28.720,0.000,70130.000,80000.000,107.600,0.000,0.005,0.000,4284416,32,0,0,0,256,0,32,0,13324288,1280,167.017,0.000,16651537719671144799,7338820247994720197
train,leaky_relu,02_leaky_relu_leaky_relu0,stable_size_matched_capacity,1,1,1,1,1,872,3198976,32,0,93,3.200,0.000,1312,0,1,0.164,0.000,48.800,0.000,15.020,71698.000,29.300,0.000,69674.000,80000.000,107.600,0.000,0.005,0.000,4284416,32,0,0,0,256,0,32,0,13336576,1568,165.164,0.000,16651537719671144799,7338820247994720197
train,leaky_relu,02_leaky_relu_leaky_relu0,hot_first_ready,1,1,1,1,1,872,3528448,32,0,93,3.187,0.000,1024,0,0,0.161,0.000,45.600,0.000,16.040,73132.000,27.820,0.000,68946.000,60000.000,107.600,0.000,0.009,0.000,4284416,32,0,0,0,256,0,32,0,13336576,1280,165.348,0.000,16651537719671144799,11713197329645419167
train,leaky_relu,02_leaky_relu_leaky_relu0,local_field_order,1,1,1,1,1,864,3173632,32,0,93,3.063,0.000,1024,0,0,0.161,0.000,48.700,0.000,14.840,71334.000,28.140,200.000,69826.000,60000.000,107.600,0.000,0.003,0.000,4284416,32,0,0,0,256,0,32,0,13336576,1280,162.725,0.000,16651537719671144799,7271634963684870539
train,leaky_relu,02_leaky_relu_leaky_relu0,generic_bounded_beam,1,1,1,1,1,888,5893888,32,0,93,3.223,33.333,1024,0,0,0.161,0.000,57.600,0.000,16.100,72064.000,28.500,0.000,70328.000,80000.000,107.600,0.000,4.760,5.000,4857856,256,2830,0,0,10944,0,32,0,13336576,11968,4928.584,5033.333,16651537719671144799,9967989675232051882
train,leaky_relu,02_leaky_relu_leaky_relu0,fb_rcfdp_bounded,1,1,1,1,1,888,5893888,32,0,93,3.070,0.000,1024,0,0,0.162,0.000,62.400,0.000,14.960,71694.000,28.260,0.000,70288.000,80000.000,107.600,0.000,11.428,11.000,5038080,249,2830,29,29,10496,0,32,0,13336576,11520,11601.332,11000.000,16651537719671144799,14134082833011767220
train,leaky_relu,03_leaky_relu_leaky_relu12,generated_pack_default,1,1,1,1,1,624,1377024,32,0,0,1.990,0.000,1024,0,0,0.158,0.000,47.200,0.000,14.540,69400.000,27.180,0.000,66156.000,80000.000,0.000,0.000,0.000,0.000,0,0,0,0,0,0,0,0,0,13287424,1024,49.348,0.000,12554223923102201017,1469598103934665603
train,leaky_relu,03_leaky_relu_leaky_relu12,stable_legal_topo,1,1,1,1,1,640,2387968,32,0,93,3.010,0.000,1024,0,0,0.157,0.000,57.400,0.000,14.220,68070.000,26.540,0.000,67410.000,60000.000,74.900,0.000,0.005,0.000,4288512,32,0,0,0,256,0,32,0,13316096,1280,140.867,0.000,12554223923102201017,7338820247994720197
train,leaky_relu,03_leaky_relu_leaky_relu12,stable_dedup_off,1,1,1,1,1,664,2478080,32,0,93,1.957,0.000,1024,0,0,0.161,0.000,47.900,0.000,14.780,71068.000,27.840,200.000,69932.000,60000.000,74.900,0.000,0.005,0.000,4288512,32,0,0,0,256,0,32,0,13316096,1280,130.317,0.000,12554223923102201017,7338820247994720197
train,leaky_relu,03_leaky_relu_leaky_relu12,stable_size_matched_capacity,1,1,1,1,1,640,2387968,32,0,93,2.890,0.000,960,0,1,0.160,5.000,46.500,0.000,14.780,71088.000,28.060,0.000,68948.000,80000.000,74.900,0.000,0.005,0.000,4288512,32,0,0,0,256,0,32,0,13316096,1216,129.849,5.000,12554223923102201017,7338820247994720197
train,leaky_relu,03_leaky_relu_leaky_relu12,hot_first_ready,1,1,1,1,1,640,2723072,32,0,93,2.747,0.000,1024,0,0,0.161,0.000,52.000,0.000,14.840,71444.000,28.180,0.000,69662.000,80000.000,74.900,0.000,0.009,0.000,4288512,32,0,0,0,256,0,32,0,13320192,1280,138.307,0.000,12554223923102201017,11713197329645419167
train,leaky_relu,03_leaky_relu_leaky_relu12,local_field_order,1,1,1,1,1,632,2362624,32,0,93,2.853,0.000,1024,0,0,0.163,0.000,56.600,0.000,15.940,71534.000,28.560,0.000,70338.000,60000.000,74.900,0.000,0.003,0.000,4288512,32,0,0,0,256,0,32,0,13324288,1280,137.616,0.000,12554223923102201017,7271634963684870539
train,leaky_relu,03_leaky_relu_leaky_relu12,generic_bounded_beam,1,1,1,1,1,648,3781888,32,0,93,2.763,0.000,1024,0,0,0.164,0.000,46.500,0.000,14.980,73552.000,28.640,0.000,70460.000,60000.000,74.900,0.000,4.296,4.000,4870144,256,2822,0,0,9024,0,32,0,13324288,10048,4420.827,4000.000,12554223923102201017,11682568396305527590
train,leaky_relu,03_leaky_relu_leaky_relu12,fb_rcfdp_bounded,1,1,1,1,1,648,3781888,32,0,93,2.853,0.000,1024,0,0,0.163,0.000,53.500,1000.000,15.660,72348.000,29.360,200.000,70644.000,60000.000,74.900,0.000,10.932,11.000,5062656,249,2822,29,29,8608,0,32,0,13324288,9632,11063.416,12000.000,12554223923102201017,340680833832684476
train,leaky_relu,04_leaky_relu_leaky_relu22,generated_pack_default,1,1,1,1,1,608,1343232,32,0,0,2.083,0.000,1024,0,0,0.164,0.000,51.600,0.000,15.060,72354.000,28.860,0.000,70302.000,60000.000,0.000,0.000,0.000,0.000,0,0,0,0,0,0,0,0,0,13275136,1024,53.848,0.000,2909210619804601163,1469598103934665603
train,leaky_relu,04_leaky_relu_leaky_relu22,stable_legal_topo,1,1,1,1,1,632,2356992,32,0,93,2.613,0.000,1024,0,0,0.163,0.000,54.600,0.000,15.060,72188.000,28.460,0.000,70932.000,60000.000,75.700,0.000,0.006,0.000,4284416,32,0,0,0,256,0,32,0,13340672,1280,138.676,0.000,2909210619804601163,7338820247994720197
train,leaky_relu,04_leaky_relu_leaky_relu22,stable_dedup_off,1,1,1,1,1,656,2447104,32,0,93,1.897,0.000,1024,0,0,0.164,0.000,56.800,0.000,15.060,71482.000,28.440,200.000,70040.000,60000.000,75.700,0.000,0.006,0.000,4284416,32,0,0,0,256,0,32,0,13340672,1280,140.161,0.000,2909210619804601163,7338820247994720197
train,leaky_relu,04_leaky_relu_leaky_relu22,stable_size_matched_capacity,1,1,1,1,1,632,2356992,32,0,93,2.723,0.000,936,0,1,0.163,0.000,42.800,0.000,15.040,71558.000,28.360,0.000,70468.000,80000.000,75.700,0.000,0.006,0.000,4284416,32,0,0,0,256,0,32,0,13340672,1192,126.986,0.000,2909210619804601163,7338820247994720197
train,leaky_relu,04_leaky_relu_leaky_relu22,hot_first_ready,1,1,1,1,1,624,2644224,32,0,93,2.740,0.000,1024,0,0,0.163,0.000,44.100,0.000,14.820,70970.000,27.920,0.000,69296.000,60000.000,75.700,0.000,0.008,0.000,4284416,32,0,0,0,256,0,32,0,13340672,1280,131.102,0.000,2909210619804601163,11713197329645419167
train,leaky_relu,04_leaky_relu_leaky_relu22,local_field_order,1,1,1,1,1,624,2331648,32,0,93,2.680,0.000,1024,0,0,0.162,0.000,40.300,0.000,14.840,71562.000,28.220,0.000,69074.000,60000.000,75.700,0.000,0.003,0.000,4284416,32,0,0,0,256,0,32,0,13340672,1280,121.842,0.000,2909210619804601163,7271634963684870539
train,leaky_relu,04_leaky_relu_leaky_relu22,generic_bounded_beam,1,1,1,1,1,632,3635456,32,0,93,2.643,0.000,1024,0,0,0.161,5.000,39.500,0.000,14.920,70722.000,29.160,0.000,69872.000,80000.000,75.700,0.000,4.418,5.000,4804608,256,2822,0,0,8896,0,32,0,13340672,9920,4535.805,5005.000,2909210619804601163,11682568396305527590
train,leaky_relu,04_leaky_relu_leaky_relu22,fb_rcfdp_bounded,1,1,1,1,1,632,3635456,32,0,93,2.617,0.000,1024,0,0,0.161,0.000,39.300,0.000,14.880,71224.000,28.040,0.000,68582.000,60000.000,75.700,0.000,11.030,11.000,5029888,249,2822,29,29,8480,0,32,0,13340672,9504,11147.477,11000.000,2909210619804601163,340680833832684476
train,pad,05_pad_pad0,generated_pack_default,1,1,1,1,1,784,1875456,38,0,0,2.457,0.000,1024,0,0,0.196,0.000,61.600,0.000,15.940,72786.000,28.700,0.000,70472.000,60000.000,0.000,0.000,0.000,0.000,0,0,0,0,0,0,0,0,0,13385728,1024,64.253,0.000,1231445083847178882,1469598103934665603
train,pad,05_pad_pad0,stable_legal_topo,1,1,1,1,1,816,3111680,38,0,111,3.227,0.000,1024,0,0,0.193,0.000,52.200,0.000,16.060,72122.000,28.500,0.000,69382.000,60000.000,78.100,0.000,0.006,0.000,4284416,38,0,0,0,304,0,38,0,13443072,1328,140.120,0.000,1231445083847178882,6468791518998523600
train,pad,05_pad_pad0,stable_dedup_off,1,1,1,1,1,848,3317248,38,0,111,2.187,0.000,1024,0,0,0.193,0.000,53.600,0.000,15.940,71016.000,28.460,200.000,69906.000,60000.000,78.100,0.000,0.006,0.000,4284416,38,0,0,0,304,0,38,0,13443072,1328,140.479,0.000,1231445083847178882,6468791518998523600
train,pad,05_pad_pad0,stable_size_matched_capacity,1,1,1,1,1,816,3111680,38,0,111,3.387,0.000,1176,0,1,0.214,0.000,49.600,0.000,19.680,71202.000,29.840,0.000,69592.000,80000.000,78.100,0.000,0.006,0.000,4284416,38,0,0,0,304,0,38,0,13443072,1480,137.700,0.000,1231445083847178882,6468791518998523600
train,pad,05_pad_pad0,hot_first_ready,1,1,1,1,1,800,3581952,38,0,111,3.687,0.000,1024,0,0,0.191,0.000,48.200,0.000,15.860,71250.000,28.140,0.000,80126.000,80000.000,78.100,0.000,0.012,0.000,4284416,38,0,0,0,304,0,38,0,13443072,1328,142.478,0.000,1231445083847178882,8960362800781407636
train,pad,05_pad_pad0,local_field_order,1,1,1,1,1,800,3086336,38,0,111,3.473,0.000,1024,0,0,0.193,5.000,55.000,0.000,15.920,74046.000,28.440,0.000,69060.000,80000.000,78.100,0.000,0.004,0.000,4284416,38,0,0,0,304,0,38,0,13443072,1328,140.466,5.000,1231445083847178882,2476321706732926500
train,pad,05_pad_pad0,generic_bounded_beam,1,1,1,1,1,800,6088192,38,0,111,3.177,0.000,1024,0,0,0.189,0.000,56.800,0.000,15.860,70630.000,29.100,0.000,68782.000,80000.000,78.100,0.000,6.572,7.000,5046272,304,3912,0,0,10624,0,38,0,13443072,11648,6710.466,7000.000,1231445083847178882,4143527879970738296
train,pad,05_pad_pad0,fb_rcfdp_bounded,1,1,1,1,1,800,6088192,38,0,111,3.130,0.000,1024,0,0,0.190,0.000,55.900,0.000,15.900,72342.000,28.280,0.000,68556.000,60000.000,78.100,0.000,16.829,17.000,5259264,297,3912,23,23,10112,0,38,0,13443072,11136,16966.820,17000.000,1231445083847178882,4143527879970738296
train,pad,06_pad_pad10,generated_pack_default,1,1,1,1,1,832,1951488,38,0,0,2.277,0.000,1024,0,0,0.191,0.000,55.200,0.000,15.760,71536.000,28.480,0.000,70838.000,60000.000,0.000,0.000,0.000,0.000,0,0,0,0,0,0,0,0,0,13434880,1024,57.668,0.000,3041057189972117130,1469598103934665603
train,pad,06_pad_pad10,stable_legal_topo,1,1,1,1,1,848,3255296,38,0,111,3.220,0.000,1024,0,0,0.193,0.000,73.200,0.000,15.820,71578.000,27.980,0.000,69770.000,60000.000,83.700,0.000,0.006,0.000,4284416,38,0,0,0,304,0,38,0,13471744,1328,166.512,0.000,3041057189972117130,6468791518998523600
train,pad,06_pad_pad10,stable_dedup_off,1,1,1,1,1,896,3539712,38,0,111,2.143,0.000,1024,0,0,0.191,0.000,56.900,0.000,15.580,73600.000,28.140,0.000,68442.000,60000.000,83.700,0.000,0.006,0.000,4284416,38,0,0,0,304,0,38,0,13471744,1328,149.135,0.000,3041057189972117130,6468791518998523600
train,pad,06_pad_pad10,stable_size_matched_capacity,1,1,1,1,1,848,3255296,38,0,111,5.620,0.000,1248,0,1,0.322,0.000,113.900,0.000,17.020,70708.000,29.040,0.000,68250.000,80000.000,83.700,0.000,0.006,0.000,4284416,38,0,0,0,304,0,38,0,13475840,1552,209.742,0.000,3041057189972117130,6468791518998523600
train,pad,06_pad_pad10,hot_first_ready,1,1,1,1,1,848,3773440,38,0,111,3.760,0.000,1024,0,0,0.276,0.000,76.600,0.000,15.580,71310.000,28.200,0.000,69182.000,80000.000,83.700,0.000,0.012,0.000,4284416,38,0,0,0,304,0,38,0,13475840,1328,176.436,0.000,3041057189972117130,8960362800781407636
train,pad,06_pad_pad10,local_field_order,1,1,1,1,1,832,3229952,38,0,111,3.427,0.000,1024,0,0,0.193,0.000,77.700,0.000,15.900,70458.000,28.360,0.000,69768.000,60000.000,83.700,0.000,0.004,0.000,4284416,38,0,0,0,304,0,38,0,13451264,1328,168.820,0.000,3041057189972117130,2476321706732926500
train,pad,06_pad_pad10,generic_bounded_beam,1,1,1,1,1,848,6676736,38,0,111,3.477,0.000,1024,0,0,0.191,0.000,75.600,0.000,15.960,71072.000,28.480,0.000,69152.000,60000.000,83.700,0.000,6.500,7.000,5058560,304,3903,0,0,11008,0,38,0,13459456,12032,6662.968,7000.000,3041057189972117130,4116973634461124594
train,pad,06_pad_pad10,fb_rcfdp_bounded,1,1,1,1,1,848,6676736,38,0,111,3.257,0.000,1024,0,0,0.191,0.000,59.900,0.000,15.960,70440.000,28.520,200.000,69750.000,60000.000,83.700,0.000,16.807,17.000,5341184,297,3903,23,23,10528,0,38,0,13459456,11552,16954.148,17000.000,3041057189972117130,4116973634461124594
train,pad,07_pad_pad18,generated_pack_default,1,1,1,1,1,816,1923328,38,0,0,2.300,0.000,1024,0,0,0.191,0.000,53.200,0.000,15.820,72478.000,28.460,0.000,68112.000,80000.000,0.000,0.000,0.000,0.000,0,0,0,0,0,0,0,0,0,13398016,1024,55.691,0.000,2504727982801225443,1469598103934665603
train,pad,07_pad_pad18,stable_legal_topo,1,1,1,1,1,832,3193344,38,0,111,2.973,0.000,1024,0,0,0.189,0.000,48.500,0.000,15.740,70386.000,28.020,0.000,68600.000,80000.000,75.000,0.000,0.006,0.000,4284416,38,0,0,0,304,0,38,0,13455360,1328,132.662,0.000,2504727982801225443,6468791518998523600
train,pad,07_pad_pad18,stable_dedup_off,1,1,1,1,1,880,3432704,38,0,111,2.160,0.000,1024,0,0,0.189,0.000,50.900,0.000,15.640,71012.000,29.000,0.000,68774.000,60000.000,75.000,0.000,0.006,0.000,4284416,38,0,0,0,304,0,38,0,13459456,1328,134.249,0.000,2504727982801225443,6468791518998523600
train,pad,07_pad_pad18,stable_size_matched_capacity,1,1,1,1,1,832,3193344,38,0,111,3.397,33.333,1224,0,1,0.191,0.000,55.700,0.000,16.500,71510.000,28.680,0.000,69836.000,80000.000,75.000,0.000,0.006,0.000,4284416,38,0,0,0,304,0,38,0,13463552,1528,140.287,33.333,2504727982801225443,6468791518998523600
train,pad,07_pad_pad18,hot_first_ready,1,1,1,1,1,832,3652352,38,0,111,3.467,0.000,1024,0,0,0.191,0.000,56.300,0.000,15.820,70296.000,29.340,0.000,69052.000,80000.000,75.000,0.000,0.012,0.000,4284416,38,0,0,0,304,0,38,0,13410304,1328,146.958,0.000,2504727982801225443,8960362800781407636
train,pad,07_pad_pad18,local_field_order,1,1,1,1,1,816,3168000,38,0,111,3.280,0.000,1024,0,0,0.216,0.000,45.200,0.000,15.740,70716.000,29.140,0.000,68924.000,60000.000,75.000,0.000,0.004,0.000,4284416,38,0,0,0,304,0,38,0,13410304,1328,127.496,0.000,2504727982801225443,2476321706732926500
train,pad,07_pad_pad18,generic_bounded_beam,1,1,1,1,1,832,6454272,38,0,111,2.990,0.000,1024,0,0,0.187,0.000,43.500,1000.000,15.500,70284.000,28.320,0.000,69028.000,80000.000,75.000,0.000,6.499,7.000,5042176,304,3903,0,0,10880,0,38,0,13410304,11904,6620.477,8000.000,2504727982801225443,4116973634461124594
train,pad,07_pad_pad18,fb_rcfdp_bounded,1,1,1,1,1,832,6454272,38,0,111,3.013,0.000,1024,0,0,0.189,0.000,42.600,0.000,15.620,70704.000,28.220,0.000,68754.000,60000.000,75.000,0.000,16.509,16.000,5263360,297,3903,23,23,10368,0,38,0,13410304,11392,16630.202,16000.000,2504727982801225443,4116973634461124594
train,add,08_add_add0,generated_pack_default,1,1,1,1,1,1288,2804736,41,0,0,2.580,0.000,1536,0,1,0.198,0.000,60.200,1000.000,14.620,69968.000,27.640,0.000,67988.000,80000.000,0.000,0.000,0.000,0.000,0,0,0,0,0,0,0,0,0,13598720,1536,62.978,1000.000,4642472383079383666,1469598103934665603
train,add,08_add_add0,stable_legal_topo,1,1,1,1,1,1304,5240576,41,0,115,3.727,0.000,1536,0,1,0.196,0.000,53.400,0.000,14.620,70064.000,27.540,0.000,67886.000,80000.000,78.900,0.000,0.006,0.000,4292608,41,0,0,0,328,0,41,0,13656064,1864,142.522,0.000,4642472383079383666,12237940794841257948
train,add,08_add_add0,stable_dedup_off,1,1,1,1,1,1360,5555968,41,0,115,2.653,0.000,1536,0,1,0.196,0.000,48.200,0.000,14.680,69264.000,27.440,200.000,68800.000,60000.000,78.900,0.000,0.006,0.000,4292608,41,0,0,0,328,0,41,0,13656064,1864,136.250,0.000,4642472383079383666,12237940794841257948
train,add,08_add_add0,stable_size_matched_capacity,1,1,1,1,1,1304,5240576,41,0,115,3.873,0.000,1936,0,1,0.197,0.000,48.700,0.000,14.600,69644.000,28.440,0.000,68586.000,80000.000,78.900,0.000,0.006,0.000,4292608,41,0,0,0,328,0,41,0,13660160,2264,137.970,0.000,4642472383079383666,12237940794841257948
train,add,08_add_add0,hot_first_ready,1,1,1,1,1,1296,6144512,41,0,115,3.743,0.000,1536,0,1,0.196,0.000,44.900,0.000,14.640,69976.000,27.500,0.000,69072.000,60000.000,78.900,0.000,0.011,0.000,4292608,41,0,0,0,328,0,41,0,13660160,1864,139.139,0.000,4642472383079383666,3985377294750611604
train,add,08_add_add0,local_field_order,1,1,1,1,1,1288,5215232,41,0,115,3.667,33.333,1536,0,1,0.196,0.000,47.200,0.000,14.640,69838.000,27.680,0.000,68068.000,80000.000,78.900,0.000,0.004,0.000,4292608,41,0,0,0,328,0,41,0,13660160,1864,134.163,33.333,4642472383079383666,16053506452049370144
train,add,08_add_add0,generic_bounded_beam,1,1,1,1,1,1296,11613184,41,0,115,3.670,0.000,1536,0,1,0.195,0.000,46.100,0.000,14.600,69586.000,27.420,0.000,69506.000,60000.000,78.900,0.000,8.494,9.000,5312512,328,4551,0,0,14784,0,41,0,13660160,16320,8622.465,9000.000,4642472383079383666,12671318987685324792
train,add,08_add_add0,fb_rcfdp_bounded,1,1,1,1,1,1296,11613184,41,0,115,3.740,0.000,1536,0,1,0.196,0.000,53.000,1000.000,14.580,69602.000,27.640,0.000,68612.000,80000.000,78.900,0.000,20.332,20.000,5652480,322,4532,30,30,14416,0,41,0,13660160,15952,20468.236,21000.000,4642472383079383666,18226718266582497769
train,add,09_add_add1,generated_pack_default,1,1,1,1,1,1000,2258432,41,0,0,2.567,0.000,1536,0,1,0.196,0.000,61.900,0.000,14.600,69910.000,27.560,0.000,69608.000,80000.000,0.000,0.000,0.000,0.000,0,0,0,0,0,0,0,0,0,13426688,1536,64.662,0.000,11311643723877767799,1469598103934665603
train,add,09_add_add1,stable_legal_topo,1,1,1,1,1,1016,4091648,41,0,115,3.333,0.000,1536,0,1,0.282,0.000,53.500,0.000,19.080,69690.000,33.580,0.000,69346.000,60000.000,80.000,0.000,0.006,0.000,4288512,41,0,0,0,328,0,41,0,13484032,1864,143.515,0.000,11311643723877767799,12237940794841257948
train,add,09_add_add1,stable_dedup_off,1,1,1,1,1,1064,4361984,41,0,115,2.540,0.000,1536,0,1,0.197,0.000,48.800,0.000,14.400,69740.000,27.420,0.000,67962.000,80000.000,80.000,0.000,0.006,0.000,4288512,41,0,0,0,328,0,41,0,13484032,1864,137.937,0.000,11311643723877767799,12237940794841257948
train,add,09_add_add1,stable_size_matched_capacity,1,1,1,1,1,1016,4091648,41,0,115,3.337,0.000,1512,0,1,0.196,0.000,44.600,0.000,15.900,69430.000,27.540,0.000,67940.000,60000.000,80.000,0.000,0.006,0.000,4288512,41,0,0,0,328,0,41,0,13484032,1840,134.533,0.000,11311643723877767799,12237940794841257948
train,add,09_add_add1,hot_first_ready,1,1,1,1,1,1016,4894208,41,0,115,3.487,0.000,1536,0,1,0.195,0.000,43.700,0.000,14.520,69540.000,27.280,0.000,67748.000,80000.000,80.000,0.000,0.011,0.000,4288512,41,0,0,0,328,0,41,0,13484032,1864,138.882,0.000,11311643723877767799,3985377294750611604
train,add,09_add_add1,local_field_order,1,1,1,1,1,1000,4066304,41,0,115,3.517,0.000,1536,0,1,0.196,0.000,44.800,0.000,14.580,68934.000,28.440,0.000,68476.000,60000.000,80.000,0.000,0.004,0.000,4288512,41,0,0,0,328,0,41,0,13484032,1864,132.512,0.000,11311643723877767799,16053506452049370144
train,add,09_add_add1,generic_bounded_beam,1,1,1,1,1,1008,8225536,41,0,115,3.257,0.000,1536,0,1,0.195,0.000,45.100,0.000,14.580,70418.000,27.500,0.000,68628.000,80000.000,80.000,0.000,8.029,8.000,5132288,328,4551,0,0,12480,0,41,0,13484032,14016,8157.151,8000.000,11311643723877767799,15808387590247576155
train,add,09_add_add1,fb_rcfdp_bounded,1,1,1,1,1,1008,8225536,41,0,115,3.267,0.000,1536,0,1,0.199,0.000,57.600,0.000,14.600,69428.000,27.500,0.000,68944.000,60000.000,80.000,0.000,19.739,20.000,5210112,321,4532,37,37,12032,0,41,0,13463552,13568,19880.366,20000.000,11311643723877767799,2998014841129036121
train,add,10_add_add16,generated_pack_default,1,1,1,1,1,904,2044416,41,0,0,2.493,0.000,1024,0,0,0.199,0.000,61.100,0.000,14.960,71188.000,27.600,0.000,67954.000,60000.000,0.000,0.000,0.000,0.000,0,0,0,0,0,0,0,0,0,13426688,1024,63.792,0.000,179450923079984598,1469598103934665603
train,add,10_add_add16,stable_legal_topo,1,1,1,1,1,928,3714304,41,0,115,3.293,0.000,1024,0,0,0.196,0.000,55.400,0.000,14.700,69612.000,27.480,0.000,69494.000,80000.000,80.000,0.000,0.006,0.000,4292608,41,0,0,0,328,0,41,0,13484032,1352,145.289,0.000,179450923079984598,12237940794841257948
train,add,10_add_add16,stable_dedup_off,1,1,1,1,1,976,3984640,41,0,115,2.423,0.000,1536,0,1,0.196,0.000,48.000,0.000,14.640,69208.000,27.280,0.000,68312.000,60000.000,80.000,0.000,0.006,0.000,4292608,41,0,0,0,328,0,41,0,13484032,1864,137.019,0.000,179450923079984598,12237940794841257948
train,add,10_add_add16,stable_size_matched_capacity,1,1,1,1,1,928,3714304,41,0,115,3.720,0.000,1368,0,1,0.196,0.000,49.500,0.000,14.840,70690.000,27.280,200.000,70248.000,60000.000,80.000,0.000,0.006,0.000,4292608,41,0,0,0,328,0,41,0,13492224,1696,139.816,0.000,179450923079984598,12237940794841257948
train,add,10_add_add16,hot_first_ready,1,1,1,1,1,920,4404224,41,0,115,3.223,0.000,1024,0,0,0.196,5.000,47.200,0.000,14.700,69446.000,27.480,0.000,67920.000,80000.000,80.000,0.000,0.011,0.000,4292608,41,0,0,0,328,0,41,0,13492224,1352,142.119,5.000,179450923079984598,3985377294750611604
train,add,10_add_add16,local_field_order,1,1,1,1,1,912,3688960,41,0,115,3.340,0.000,1024,0,0,0.198,0.000,45.000,0.000,14.640,70336.000,28.420,0.000,68184.000,60000.000,80.000,0.000,0.004,0.000,4292608,41,0,0,0,328,0,41,0,13492224,1352,132.938,0.000,179450923079984598,16053506452049370144
train,add,10_add_add16,generic_bounded_beam,1,1,1,1,1,896,7110400,41,0,115,3.093,0.000,1024,0,0,0.197,5.000,46.300,0.000,14.640,70184.000,27.460,0.000,68396.000,80000.000,80.000,0.000,7.679,8.000,5144576,328,4551,0,0,11584,0,41,0,13496320,12608,7808.690,8005.000,179450923079984598,11933304946738531547
train,add,10_add_add16,fb_rcfdp_bounded,1,1,1,1,1,912,7152640,41,0,115,3.070,0.000,1024,0,0,0.196,0.000,43.500,0.000,14.580,70344.000,27.580,0.000,68188.000,60000.000,80.000,0.000,19.648,19.000,5189632,321,4532,40,40,11264,0,41,0,13496320,12288,19775.066,19000.000,179450923079984598,16307063795291424346
heldout,sub,11_sub_sub0,generated_pack_default,1,1,1,1,1,864,2075392,41,0,0,2.553,0.000,1024,0,0,0.199,0.000,66.000,0.000,14.620,72620.000,27.960,0.000,68538.000,60000.000,0.000,0.000,0.000,0.000,0,0,0,0,0,0,0,0,0,13418496,1024,68.752,0.000,3227179252688498663,1469598103934665603
heldout,sub,11_sub_sub0,stable_legal_topo,1,1,1,1,1,872,3542528,41,0,117,3.217,0.000,1024,0,0,0.195,0.000,66.600,0.000,14.420,70022.000,27.820,0.000,68576.000,60000.000,82.900,0.000,0.007,0.000,4284416,41,0,0,0,328,0,41,0,13479936,1352,159.612,0.000,3227179252688498663,12237940794841257948
heldout,sub,11_sub_sub0,stable_dedup_off,1,1,1,1,1,928,3857920,41,0,117,2.177,0.000,1024,0,0,0.197,0.000,50.400,1000.000,14.700,69356.000,27.440,0.000,68632.000,80000.000,82.900,0.000,0.007,0.000,4284416,41,0,0,0,328,0,41,0,13479936,1352,142.374,1000.000,3227179252688498663,12237940794841257948
heldout,sub,11_sub_sub0,stable_size_matched_capacity,1,1,1,1,1,872,3542528,41,0,117,3.283,0.000,1296,0,1,0.198,0.000,46.200,0.000,14.640,69500.000,27.800,0.000,67734.000,60000.000,82.900,0.000,0.007,0.000,4284416,41,0,0,0,328,0,41,0,13479936,1624,139.281,0.000,3227179252688498663,12237940794841257948
heldout,sub,11_sub_sub0,hot_first_ready,1,1,1,1,1,872,4361984,41,0,117,3.267,33.333,1024,0,0,0.196,0.000,45.600,0.000,14.420,69486.000,27.560,0.000,69612.000,80000.000,82.900,0.000,0.011,0.000,4284416,41,0,0,0,328,0,41,0,13479936,1352,143.062,33.333,3227179252688498663,3985377294750611604
heldout,sub,11_sub_sub0,local_field_order,1,1,1,1,1,856,3517184,41,0,117,3.240,0.000,1024,0,0,0.197,0.000,50.500,0.000,14.800,69648.000,27.500,0.000,69288.000,60000.000,82.900,0.000,0.004,0.000,4284416,41,0,0,0,328,0,41,0,13479936,1352,140.837,0.000,3227179252688498663,16053506452049370144
heldout,sub,11_sub_sub0,generic_bounded_beam,1,1,1,1,1,856,6535936,41,0,117,3.133,0.000,1024,0,0,0.197,0.000,61.100,0.000,14.620,70818.000,28.000,200.000,68728.000,60000.000,82.900,0.000,8.560,9.000,5070848,328,4799,0,0,11264,0,41,0,13479936,12288,8707.130,9000.000,3227179252688498663,12149354705767170189
heldout,sub,11_sub_sub0,fb_rcfdp_bounded,1,1,1,1,1,856,6535936,41,0,117,3.057,0.000,1024,0,0,0.196,0.000,46.300,0.000,14.520,70960.000,28.840,0.000,68224.000,80000.000,82.900,0.000,20.985,21.000,5230592,321,4793,29,29,10816,0,41,0,13479936,11840,21117.953,21000.000,3227179252688498663,8818897937525771040
heldout,sub,12_sub_sub4,generated_pack_default,1,1,1,1,1,864,2075392,41,0,0,3.373,33.333,1024,0,0,0.231,0.000,67.900,0.000,14.780,75178.000,28.220,0.000,68824.000,60000.000,0.000,0.000,0.000,0.000,0,0,0,0,0,0,0,0,0,13426688,1024,71.505,33.333,13875922224478425032,1469598103934665603
heldout,sub,12_sub_sub4,stable_legal_topo,1,1,1,1,1,872,3542528,41,0,117,3.247,33.333,1024,0,0,0.191,0.000,75.700,0.000,14.360,67780.000,34.740,0.000,70890.000,80000.000,85.100,0.000,0.006,0.000,4292608,41,0,0,0,328,0,41,0,13488128,1352,170.638,33.333,13875922224478425032,12237940794841257948
heldout,sub,12_sub_sub4,stable_dedup_off,1,1,1,1,1,928,3857920,41,0,117,2.430,0.000,1024,0,0,0.199,0.000,69.000,0.000,14.760,71890.000,27.900,0.000,68726.000,80000.000,85.100,0.000,0.006,0.000,4292608,41,0,0,0,328,0,41,0,13488128,1352,163.129,0.000,13875922224478425032,12237940794841257948
heldout,sub,12_sub_sub4,stable_size_matched_capacity,1,1,1,1,1,872,3542528,41,0,117,3.440,0.000,1296,0,1,0.198,0.000,63.500,0.000,14.740,70798.000,28.900,0.000,69344.000,60000.000,85.100,0.000,0.006,0.000,4292608,41,0,0,0,328,0,41,0,13488128,1624,158.638,0.000,13875922224478425032,12237940794841257948
heldout,sub,12_sub_sub4,hot_first_ready,1,1,1,1,1,872,4361984,41,0,117,3.587,0.000,1024,0,0,0.199,0.000,63.300,0.000,14.840,73890.000,28.140,0.000,68520.000,60000.000,85.100,0.000,0.011,0.000,4292608,41,0,0,0,328,0,41,0,13488128,1352,163.586,0.000,13875922224478425032,3985377294750611604
heldout,sub,12_sub_sub4,local_field_order,1,1,1,1,1,856,3517184,41,0,117,3.370,0.000,1024,0,0,0.199,0.000,65.200,0.000,14.800,71958.000,27.860,200.000,69902.000,60000.000,85.100,0.000,0.004,0.000,4292608,41,0,0,0,328,0,41,0,13488128,1352,157.769,0.000,13875922224478425032,16053506452049370144
heldout,sub,12_sub_sub4,generic_bounded_beam,1,1,1,1,1,856,6535936,41,0,117,3.247,0.000,1024,0,0,0.199,0.000,78.500,1000.000,14.840,72416.000,28.440,200.000,69312.000,60000.000,85.100,0.000,8.279,9.000,5079040,328,4799,0,0,11264,0,41,0,13488128,12288,8445.746,10000.000,13875922224478425032,12149354705767170189
heldout,sub,12_sub_sub4,fb_rcfdp_bounded,1,1,1,1,1,856,6535936,41,0,117,3.230,0.000,1024,0,0,0.199,5.000,65.300,0.000,14.760,70768.000,28.060,0.000,69154.000,80000.000,85.100,0.000,21.571,21.000,5238784,321,4793,29,29,10816,0,41,0,13488128,11840,21724.729,21005.000,13875922224478425032,8818897937525771040
heldout,strided_slice,13_strided_slice_strided_slice0,generated_pack_default,1,1,1,1,1,1136,3384832,50,0,0,3.060,0.000,1536,0,1,0.256,0.000,69.600,0.000,16.220,71802.000,28.500,0.000,69704.000,60000.000,0.000,0.000,0.000,0.000,0,0,0,0,0,0,0,0,0,13762560,1536,72.915,0.000,12703725449622278446,1469598103934665603
heldout,strided_slice,13_strided_slice_strided_slice0,stable_legal_topo,1,1,1,1,1,1152,5125120,50,0,151,4.067,0.000,1536,0,1,0.259,0.000,63.200,0.000,16.280,70972.000,28.220,0.000,68766.000,60000.000,93.900,0.000,0.008,0.000,4296704,50,0,0,0,400,0,50,0,13824000,1936,169.025,0.000,12703725449622278446,9634640331339833058
heldout,strided_slice,13_strided_slice_strided_slice0,stable_dedup_off,1,1,1,1,1,1264,5781248,50,0,151,2.917,33.333,1536,0,1,0.254,0.000,71.000,0.000,16.260,71014.000,28.620,0.000,69480.000,80000.000,93.900,0.000,0.008,0.000,4296704,50,0,0,0,400,0,50,0,13750272,1936,175.671,33.333,12703725449622278446,9634640331339833058
heldout,strided_slice,13_strided_slice_strided_slice0,stable_size_matched_capacity,1,1,1,1,1,1152,5125120,50,0,151,4.187,0.000,1696,0,1,0.254,0.000,64.100,0.000,16.260,71218.000,28.580,0.000,69556.000,80000.000,93.900,0.000,0.008,0.000,4296704,50,0,0,0,400,0,50,0,13778944,2096,170.040,0.000,12703725449622278446,9634640331339833058
heldout,strided_slice,13_strided_slice_strided_slice0,hot_first_ready,1,1,1,1,1,1152,5924864,50,0,151,4.283,0.000,1536,0,1,0.259,0.000,62.500,0.000,16.460,71514.000,29.540,0.000,68852.000,60000.000,93.900,0.000,0.017,0.000,4296704,50,0,0,0,400,0,50,0,13778944,1936,178.342,0.000,12703725449622278446,12655128063411478090
heldout,strided_slice,13_strided_slice_strided_slice0,local_field_order,1,1,1,1,1,1136,5099776,50,0,151,4.297,0.000,1536,0,1,0.250,0.000,55.900,0.000,17.000,70738.000,28.500,200.000,68600.000,60000.000,93.900,0.000,0.005,0.000,4296704,50,0,0,0,400,0,50,0,13778944,1936,159.447,0.000,12703725449622278446,8516781969090450602
heldout,strided_slice,13_strided_slice_strided_slice0,generic_bounded_beam,1,1,1,1,1,1152,13685760,50,0,151,4.170,33.333,1536,0,1,0.254,0.000,58.500,0.000,16.160,71346.000,28.140,0.000,68384.000,80000.000,93.900,0.000,15.546,16.000,5668864,400,7251,0,0,14208,0,50,0,13778944,15744,15703.124,16033.333,12703725449622278446,493698933206213723
heldout,strided_slice,13_strided_slice_strided_slice0,fb_rcfdp_bounded,1,1,1,1,1,1152,13685760,50,0,151,4.177,0.000,1536,0,1,0.255,0.000,57.500,0.000,16.200,70294.000,29.280,0.000,68802.000,60000.000,93.900,0.000,38.628,38.000,5775360,393,7251,23,23,13696,0,50,0,13778944,15232,38784.131,38000.000,12703725449622278446,493698933206213723
heldout,strided_slice,14_strided_slice_strided_slice15,generated_pack_default,1,1,1,1,1,1248,3666432,50,0,0,3.373,0.000,1536,0,1,0.257,0.000,72.500,0.000,16.300,71816.000,28.440,0.000,68134.000,80000.000,0.000,0.000,0.000,0.000,0,0,0,0,0,0,0,0,0,13877248,1536,76.130,0.000,11662840376245977390,1469598103934665603
heldout,strided_slice,14_strided_slice_strided_slice15,stable_legal_topo,1,1,1,1,1,1264,5654528,50,0,151,4.243,0.000,1536,0,1,0.256,0.000,62.400,0.000,16.200,70332.000,28.260,0.000,69694.000,60000.000,94.700,0.000,0.008,0.000,4292608,50,0,0,0,400,0,50,0,13934592,1936,169.499,0.000,11662840376245977390,9634640331339833058
heldout,strided_slice,14_strided_slice_strided_slice15,stable_dedup_off,1,1,1,1,1,1376,6313472,50,0,151,3.140,0.000,1536,0,1,0.256,0.000,59.700,0.000,16.260,70326.000,28.160,0.000,68092.000,80000.000,94.700,0.000,0.008,0.000,4292608,50,0,0,0,400,0,50,0,13934592,1936,165.696,0.000,11662840376245977390,9634640331339833058
heldout,strided_slice,14_strided_slice_strided_slice15,stable_size_matched_capacity,1,1,1,1,1,1264,5654528,50,0,151,4.230,0.000,1848,0,1,0.253,0.000,51.600,0.000,16.960,70468.000,28.180,0.000,68904.000,80000.000,94.700,0.000,0.008,0.000,4292608,50,0,0,0,400,0,50,0,13934592,2248,158.683,0.000,11662840376245977390,9634640331339833058
heldout,strided_slice,14_strided_slice_strided_slice15,hot_first_ready,1,1,1,1,1,1264,6530304,50,0,151,4.460,0.000,1536,0,1,0.257,0.000,53.900,0.000,16.140,69824.000,28.200,0.000,68422.000,60000.000,94.700,0.000,0.018,0.000,4292608,50,0,0,0,400,0,50,0,13934592,1936,171.217,0.000,11662840376245977390,12655128063411478090
heldout,strided_slice,14_strided_slice_strided_slice15,local_field_order,1,1,1,1,1,1248,5629184,50,0,151,4.477,33.333,1536,0,1,0.254,0.000,51.700,0.000,16.280,69698.000,28.060,0.000,69040.000,80000.000,94.700,0.000,0.005,0.000,4292608,50,0,0,0,400,0,50,0,13934592,1936,156.330,33.333,11662840376245977390,8516781969090450602
heldout,strided_slice,14_strided_slice_strided_slice15,generic_bounded_beam,1,1,1,1,1,1264,15319040,50,0,151,4.380,0.000,1536,0,1,0.253,0.000,56.300,0.000,16.120,69356.000,28.140,0.000,69124.000,60000.000,94.700,0.000,16.344,17.000,5640192,400,7241,0,0,15104,0,50,0,13934592,16640,16499.432,17000.000,11662840376245977390,13790364150231669660
heldout,strided_slice,14_strided_slice_strided_slice15,fb_rcfdp_bounded,1,1,1,1,1,1264,15319040,50,0,151,4.343,0.000,1536,0,1,0.254,0.000,53.000,0.000,16.200,70792.000,28.220,200.000,68394.000,60000.000,94.700,0.000,38.973,39.000,6025216,393,7241,23,23,14656,0,50,0,13934592,16192,39125.097,39000.000,11662840376245977390,13790364150231669660
heldout,strided_slice,15_strided_slice_strided_slice33,generated_pack_default,1,1,1,1,1,1136,3384832,50,0,0,3.023,0.000,1536,0,1,0.257,0.000,69.000,0.000,16.160,70406.000,28.240,0.000,68434.000,60000.000,0.000,0.000,0.000,0.000,0,0,0,0,0,0,0,0,0,13758464,1536,72.280,0.000,11430075486722334661,1469598103934665603
heldout,strided_slice,15_strided_slice_strided_slice33,stable_legal_topo,1,1,1,1,1,1152,5125120,50,0,151,3.933,0.000,1536,0,1,0.255,0.000,59.500,0.000,16.280,71210.000,28.240,0.000,68478.000,60000.000,86.000,0.000,0.008,0.000,4292608,50,0,0,0,400,0,50,0,13819904,1936,157.588,0.000,11430075486722334661,9634640331339833058
heldout,strided_slice,15_strided_slice_strided_slice33,stable_dedup_off,1,1,1,1,1,1264,5784064,50,0,151,2.893,0.000,1536,0,1,0.257,0.000,71.700,0.000,16.240,71408.000,29.040,200.000,68052.000,60000.000,86.000,0.000,0.008,0.000,4292608,50,0,0,0,400,0,50,0,13746176,1936,168.750,0.000,11430075486722334661,9634640331339833058
heldout,strided_slice,15_strided_slice_strided_slice33,stable_size_matched_capacity,1,1,1,1,1,1152,5125120,50,0,151,4.080,0.000,1696,0,1,0.255,0.000,56.100,0.000,16.940,71314.000,28.120,0.000,68596.000,80000.000,86.000,0.000,0.008,0.000,4292608,50,0,0,0,400,0,50,0,13774848,2096,154.335,0.000,11430075486722334661,9634640331339833058
heldout,strided_slice,15_strided_slice_strided_slice33,hot_first_ready,1,1,1,1,1,1152,5924864,50,0,151,4.233,0.000,1536,0,1,0.253,0.000,55.500,0.000,16.100,70718.000,28.600,0.000,69124.000,60000.000,86.000,0.000,0.018,0.000,4292608,50,0,0,0,400,0,50,0,13774848,1936,163.586,0.000,11430075486722334661,12655128063411478090
heldout,strided_slice,15_strided_slice_strided_slice33,local_field_order,1,1,1,1,1,1136,5099776,50,0,151,4.327,0.000,1536,0,1,0.260,0.000,56.400,0.000,16.360,70690.000,28.400,0.000,69050.000,60000.000,86.000,0.000,0.005,0.000,4292608,50,0,0,0,400,0,50,0,13774848,1936,152.086,0.000,11430075486722334661,8516781969090450602
heldout,strided_slice,15_strided_slice_strided_slice33,generic_bounded_beam,1,1,1,1,1,1152,13685760,50,0,151,4.330,33.333,1536,0,1,0.254,0.000,55.600,0.000,17.240,69768.000,28.280,0.000,68708.000,80000.000,86.000,0.000,15.332,15.000,5664768,400,7251,0,0,14208,0,50,0,13774848,15744,15477.784,15033.333,11430075486722334661,493698933206213723
heldout,strided_slice,15_strided_slice_strided_slice33,fb_rcfdp_bounded,1,1,1,1,1,1152,13685760,50,0,151,4.390,0.000,1536,0,1,0.254,0.000,52.400,0.000,16.200,70478.000,28.320,0.000,68264.000,60000.000,86.000,0.000,38.254,39.000,5771264,393,7251,23,23,13696,0,50,0,13774848,15232,38397.344,39000.000,11430075486722334661,493698933206213723
heldout,conv,16_conv_conv0,generated_pack_default,1,1,1,1,1,2368,6257152,50,0,0,3.350,0.000,3480,0,1,0.236,0.000,81.100,0.000,15.700,70270.000,27.900,0.000,72922.000,80000.000,0.000,0.000,0.000,0.000,0,0,0,0,0,0,0,0,0,14270464,3480,84.686,0.000,16734817698509843288,1469598103934665603
heldout,conv,16_conv_conv0,stable_legal_topo,1,1,1,1,1,2384,7808768,50,0,144,5.523,0.000,3456,0,1,0.236,0.000,81.200,0.000,16.620,73774.000,51.900,0.000,69028.000,80000.000,99.700,0.000,0.007,0.000,4300800,50,0,0,0,400,0,50,0,14327808,3856,194.059,0.000,16734817698509843288,16788435062894613452
heldout,conv,16_conv_conv0,stable_dedup_off,1,1,1,1,1,2448,8101632,50,0,144,4.267,0.000,3456,0,1,0.237,0.000,75.100,0.000,15.980,69962.000,27.640,0.000,67732.000,80000.000,99.700,0.000,0.007,0.000,4300800,50,0,0,0,400,0,50,0,14336000,3856,186.704,0.000,16734817698509843288,16788435062894613452
heldout,conv,16_conv_conv0,stable_size_matched_capacity,1,1,1,1,1,2384,7808768,50,0,144,5.413,0.000,3552,0,1,0.235,0.000,66.100,0.000,15.880,69086.000,27.720,0.000,67570.000,60000.000,99.700,0.000,0.007,0.000,4300800,50,0,0,0,400,0,50,0,14336000,3952,178.848,0.000,16734817698509843288,16788435062894613452
heldout,conv,16_conv_conv0,hot_first_ready,1,1,1,1,1,2384,10427648,50,0,144,5.693,33.333,3456,0,1,0.234,0.000,61.800,0.000,15.720,70448.000,27.560,0.000,68488.000,80000.000,99.700,0.000,0.017,0.000,4300800,50,0,0,0,400,0,50,0,14336000,3856,183.927,33.333,16734817698509843288,9334943335212649580
heldout,conv,16_conv_conv0,local_field_order,1,1,1,1,1,2384,7783424,50,0,144,5.640,0.000,3456,0,1,0.234,0.000,61.900,0.000,15.800,70168.000,28.800,0.000,67686.000,60000.000,99.700,0.000,0.005,0.000,4300800,50,0,0,0,400,0,50,0,14336000,3856,172.575,0.000,16734817698509843288,9311106616082197602
heldout,conv,16_conv_conv0,generic_bounded_beam,1,1,1,1,1,2416,27912192,50,0,144,5.490,0.000,3480,0,1,0.305,0.000,73.200,0.000,15.840,70176.000,27.840,0.000,69020.000,60000.000,99.700,0.000,19.141,19.000,6385664,400,7210,0,0,24320,0,50,0,14336000,27800,19319.395,19000.000,16734817698509843288,15986877512412405276
heldout,conv,16_conv_conv0,fb_rcfdp_bounded,1,1,1,1,1,2416,27912192,50,0,144,5.587,0.000,3480,0,1,0.236,0.000,66.400,1000.000,15.920,69990.000,27.960,0.000,69066.000,80000.000,99.700,0.000,41.277,42.000,6791168,393,7210,23,23,23840,0,50,0,14336000,27320,41448.723,43000.000,16734817698509843288,15986877512412405276
heldout,conv,17_conv_conv1,generated_pack_default,1,1,1,1,1,2192,5919232,50,0,0,3.223,0.000,2304,0,1,0.244,0.000,82.200,0.000,16.280,71174.000,28.340,0.000,68658.000,60000.000,0.000,0.000,0.000,0.000,0,0,0,0,0,0,0,0,0,13975552,2304,85.667,0.000,2543187655293313801,1469598103934665603
heldout,conv,17_conv_conv1,stable_legal_topo,1,1,1,1,1,2208,7822848,50,0,144,5.090,33.333,2304,0,1,0.239,0.000,71.300,0.000,16.020,73036.000,28.240,200.000,68400.000,60000.000,99.600,0.000,0.007,0.000,4296704,50,0,0,0,400,0,50,0,14032896,2704,183.629,33.333,2543187655293313801,16788435062894613452
heldout,conv,17_conv_conv1,stable_dedup_off,1,1,1,1,1,2272,8149504,50,0,144,4.063,0.000,3456,0,1,0.239,5.000,69.300,0.000,15.960,71148.000,27.960,0.000,68868.000,80000.000,99.600,0.000,0.007,0.000,4296704,50,0,0,0,400,0,50,0,14041088,3856,180.602,5.000,2543187655293313801,16788435062894613452
heldout,conv,17_conv_conv1,stable_size_matched_capacity,1,1,1,1,1,2208,7822848,50,0,144,5.167,0.000,3264,0,1,0.258,0.000,62.600,0.000,16.020,70052.000,28.020,0.000,68990.000,60000.000,99.600,0.000,0.007,0.000,4296704,50,0,0,0,400,0,50,0,14041088,3664,175.025,0.000,2543187655293313801,16788435062894613452
heldout,conv,17_conv_conv1,hot_first_ready,1,1,1,1,1,2208,10433280,50,0,144,5.490,0.000,2304,0,1,0.237,0.000,63.200,0.000,16.000,69696.000,27.840,200.000,68652.000,60000.000,99.600,0.000,0.017,0.000,4296704,50,0,0,0,400,0,50,0,14041088,2704,185.727,0.000,2543187655293313801,9334943335212649580
heldout,conv,17_conv_conv1,local_field_order,1,1,1,1,1,2208,7797504,50,0,144,6.483,33.333,2304,0,1,0.237,0.000,62.500,0.000,15.860,70614.000,27.840,0.000,68240.000,80000.000,99.600,0.000,0.005,0.000,4296704,50,0,0,0,400,0,50,0,13967360,2704,173.921,33.333,2543187655293313801,9311106616082197602
heldout,conv,17_conv_conv1,generic_bounded_beam,1,1,1,1,1,2224,25037056,50,0,144,5.347,0.000,2304,0,1,0.237,0.000,80.400,0.000,15.960,69448.000,28.000,0.000,68772.000,60000.000,99.600,0.000,18.352,19.000,6373376,400,7226,0,0,22784,0,50,0,13996032,25088,18537.384,19000.000,2543187655293313801,9973023954934267714
heldout,conv,17_conv_conv1,fb_rcfdp_bounded,1,1,1,1,1,2224,25037056,50,0,144,5.320,0.000,2304,0,1,0.236,0.000,65.200,0.000,16.040,70040.000,27.840,0.000,69568.000,60000.000,99.600,0.000,41.453,41.000,6860800,393,7226,25,25,22304,0,50,0,14000128,24608,41623.756,41000.000,2543187655293313801,11324261955747012597
heldout,conv,18_conv_conv2,generated_pack_default,1,1,1,1,1,3488,8952064,50,0,0,3.330,0.000,3840,0,1,0.238,0.000,87.000,0.000,16.220,70140.000,29.640,0.000,68254.000,60000.000,0.000,0.000,0.000,0.000,0,0,0,0,0,0,0,0,0,14663680,3840,90.568,0.000,11796727135231356218,1469598103934665603
heldout,conv,18_conv_conv2,stable_legal_topo,1,1,1,1,1,3504,9996800,50,0,144,6.517,0.000,3840,0,1,0.235,0.000,73.000,0.000,15.900,70262.000,28.040,0.000,68542.000,60000.000,105.600,0.000,0.007,0.000,4313088,50,0,0,0,400,0,50,0,14725120,4240,192.852,0.000,11796727135231356218,16788435062894613452
heldout,conv,18_conv_conv2,stable_dedup_off,1,1,1,1,1,3568,10289664,50,0,144,5.187,0.000,3840,0,1,0.238,0.000,64.200,0.000,15.960,68880.000,27.680,0.000,69232.000,80000.000,105.600,0.000,0.007,0.000,4313088,50,0,0,0,400,0,50,0,14729216,4240,182.725,0.000,11796727135231356218,16788435062894613452
heldout,conv,18_conv_conv2,stable_size_matched_capacity,1,1,1,1,1,3504,9996800,50,0,144,6.233,0.000,5232,0,1,0.236,0.000,60.500,0.000,18.580,70232.000,27.900,0.000,68554.000,80000.000,105.600,0.000,0.007,0.000,4313088,50,0,0,0,400,0,50,0,14729216,5632,180.069,0.000,11796727135231356218,16788435062894613452
heldout,conv,18_conv_conv2,hot_first_ready,1,1,1,1,1,3504,13378816,50,0,144,6.840,0.000,3840,0,1,0.239,0.000,61.400,0.000,16.060,69442.000,27.720,0.000,67846.000,60000.000,105.600,0.000,0.017,0.000,4313088,50,0,0,0,400,0,50,0,14729216,4240,191.078,0.000,11796727135231356218,9334943335212649580
heldout,conv,18_conv_conv2,local_field_order,1,1,1,1,1,3504,9971456,50,0,144,6.717,0.000,3840,0,1,0.237,0.000,59.200,1000.000,16.040,70390.000,27.640,0.000,67812.000,80000.000,105.600,0.000,0.005,0.000,4313088,50,0,0,0,400,0,50,0,14729216,4240,176.854,1000.000,11796727135231356218,9311106616082197602
heldout,conv,18_conv_conv2,generic_bounded_beam,1,1,1,1,1,3536,43374848,50,0,144,6.950,0.000,3840,0,1,0.239,0.000,62.100,0.000,16.080,69920.000,28.780,0.000,68358.000,80000.000,105.600,0.000,22.149,22.000,6352896,400,7270,0,0,33280,0,50,0,14733312,37120,22324.288,22000.000,11796727135231356218,9694115558689441234
heldout,conv,18_conv_conv2,fb_rcfdp_bounded,1,1,1,1,1,3536,43374848,50,0,144,6.723,0.000,3840,0,1,0.236,0.000,61.200,0.000,15.820,69786.000,27.860,0.000,68486.000,60000.000,105.600,0.000,45.214,46.000,8208384,393,7270,125,125,32800,0,50,0,14733312,36640,45387.259,46000.000,11796727135231356218,8763315104892834242
heldout,conv,19_conv_conv20,generated_pack_default,1,1,1,1,1,1600,4542208,50,0,0,3.223,0.000,2304,0,1,0.241,0.000,71.600,0.000,16.100,71686.000,28.480,0.000,68794.000,60000.000,0.000,0.000,0.000,0.000,0,0,0,0,0,0,0,0,0,14110720,2304,75.064,0.000,65810539343067998,1469598103934665603
heldout,conv,19_conv_conv20,stable_legal_topo,1,1,1,1,1,1632,6809088,50,0,145,4.820,0.000,2304,0,1,0.241,0.000,72.600,0.000,16.120,70986.000,28.060,0.000,69062.000,60000.000,94.700,0.000,0.007,0.000,4292608,50,0,0,0,400,0,50,0,14180352,2704,179.761,0.000,65810539343067998,16788435062894613452
heldout,conv,19_conv_conv20,stable_dedup_off,1,1,1,1,1,1728,7315968,50,0,145,3.450,33.333,2304,0,1,0.241,0.000,69.500,0.000,16.080,70756.000,28.120,0.000,70804.000,80000.000,94.700,0.000,0.007,0.000,4292608,50,0,0,0,400,0,50,0,14188544,2704,175.292,33.333,65810539343067998,16788435062894613452
heldout,conv,19_conv_conv20,stable_size_matched_capacity,1,1,1,1,1,1632,6809088,50,0,145,4.753,0.000,2400,0,1,0.241,0.000,62.100,0.000,16.060,70372.000,28.260,0.000,69060.000,80000.000,94.700,0.000,0.007,0.000,4292608,50,0,0,0,400,0,50,0,14188544,2800,169.195,0.000,65810539343067998,16788435062894613452
heldout,conv,19_conv_conv20,hot_first_ready,1,1,1,1,1,1616,9177344,50,0,145,5.013,0.000,2304,0,1,0.243,0.000,61.900,0.000,15.880,70640.000,28.400,0.000,69518.000,60000.000,94.700,0.000,0.017,0.000,4292608,50,0,0,0,400,0,50,0,14188544,2704,178.656,0.000,65810539343067998,9334943335212649580
heldout,conv,19_conv_conv20,local_field_order,1,1,1,1,1,1616,6783744,50,0,145,4.880,0.000,2304,0,1,0.240,0.000,62.500,0.000,16.140,71554.000,28.280,200.000,69736.000,60000.000,94.700,0.000,0.005,0.000,4292608,50,0,0,0,400,0,50,0,14188544,2704,167.420,0.000,65810539343067998,9311106616082197602
heldout,conv,19_conv_conv20,generic_bounded_beam,1,1,1,1,1,1648,17062144,50,0,145,5.163,33.333,2304,0,1,0.244,0.000,78.200,0.000,16.180,70500.000,28.280,0.000,69744.000,80000.000,94.700,0.000,16.810,17.000,5902336,400,7150,0,0,18176,0,50,0,14188544,20480,16988.207,17033.333,65810539343067998,814050333913950067
heldout,conv,19_conv_conv20,fb_rcfdp_bounded,1,1,1,1,1,1648,17028352,50,0,145,4.897,0.000,2304,0,1,0.241,0.000,83.000,0.000,16.180,70214.000,29.160,0.000,69748.000,80000.000,94.700,0.000,38.413,38.000,6438912,393,7159,28,28,17728,0,50,0,14127104,20032,38595.338,38000.000,65810539343067998,14494918742431876294
heldout,conv,20_conv_conv21,generated_pack_default,1,1,1,1,1,2032,5212416,50,0,0,3.223,0.000,2320,0,1,0.241,0.000,77.900,0.000,16.140,71924.000,28.360,0.000,69336.000,80000.000,0.000,0.000,0.000,0.000,0,0,0,0,0,0,0,0,0,14045184,2320,81.365,0.000,13643688584383772517,1469598103934665603
heldout,conv,20_conv_conv21,stable_legal_topo,1,1,1,1,1,2048,6217728,50,0,145,5.427,0.000,2304,0,1,0.242,0.000,70.100,0.000,16.040,71278.000,28.220,0.000,70992.000,80000.000,98.100,0.000,0.008,0.000,4300800,50,0,0,0,400,0,50,0,14102528,2704,181.869,0.000,13643688584383772517,16788435062894613452
heldout,conv,20_conv_conv21,stable_dedup_off,1,1,1,1,1,2144,6690816,50,0,145,4.043,0.000,2304,0,1,0.239,0.000,63.800,0.000,17.000,71042.000,28.400,0.000,68992.000,80000.000,98.100,0.000,0.008,0.000,4300800,50,0,0,0,400,0,50,0,14102528,2704,174.182,0.000,13643688584383772517,16788435062894613452
heldout,conv,20_conv_conv21,stable_size_matched_capacity,1,1,1,1,1,2048,6217728,50,0,145,5.113,0.000,3048,0,1,0.243,0.000,62.000,0.000,16.120,71426.000,28.460,0.000,70036.000,60000.000,98.100,0.000,0.008,0.000,4300800,50,0,0,0,400,0,50,0,14102528,3448,173.456,0.000,13643688584383772517,16788435062894613452
heldout,conv,20_conv_conv21,hot_first_ready,1,1,1,1,1,2048,8011520,50,0,145,5.540,0.000,2304,0,1,0.243,0.000,76.400,0.000,16.300,71036.000,28.280,0.000,69438.000,60000.000,98.100,0.000,0.017,0.000,4300800,50,0,0,0,400,0,50,0,14102528,2704,197.583,0.000,13643688584383772517,9334943335212649580
heldout,conv,20_conv_conv21,local_field_order,1,1,1,1,1,2048,6192384,50,0,145,5.447,33.333,2304,0,1,0.244,0.000,61.800,0.000,16.100,71982.000,28.140,200.000,68534.000,60000.000,98.100,0.000,0.005,0.000,4300800,50,0,0,0,400,0,50,0,14102528,2704,170.690,33.333,13643688584383772517,9311106616082197602
heldout,conv,20_conv_conv21,generic_bounded_beam,1,1,1,1,1,2064,23510784,50,0,145,5.363,0.000,2712,0,1,0.239,5.000,75.500,0.000,15.980,70522.000,28.000,0.000,68772.000,80000.000,98.100,0.000,17.771,18.000,5967872,400,7456,0,0,21504,0,50,0,14102528,24216,17950.402,18005.000,13643688584383772517,9731840377436286027
heldout,conv,20_conv_conv21,fb_rcfdp_bounded,1,1,1,1,1,2064,23510784,50,0,145,5.233,0.000,2712,0,1,0.239,0.000,71.300,0.000,16.020,70926.000,28.160,0.000,68256.000,60000.000,98.100,0.000,41.903,42.000,6361088,393,7456,23,23,20992,0,50,0,14102528,23704,42077.972,42000.000,13643688584383772517,9731840377436286027
heldout,transpose_conv,21_transpose_conv_transpose_conv4,generated_pack_default,1,1,1,1,1,3248,8797184,55,0,0,3.680,0.000,3840,0,1,0.274,0.000,93.300,0.000,16.120,74652.000,28.920,200.000,69748.000,60000.000,0.000,0.000,0.000,0.000,0,0,0,0,0,0,0,0,0,14594048,3840,97.254,0.000,8224305740907435918,1469598103934665603
heldout,transpose_conv,21_transpose_conv_transpose_conv4,stable_legal_topo,1,1,1,1,1,3264,9574400,55,0,160,6.693,33.333,3840,0,1,0.271,0.000,94.100,0.000,16.160,72136.000,28.660,200.000,70066.000,60000.000,112.000,0.000,0.008,0.000,4313088,55,0,0,0,440,0,55,0,14651392,4280,220.964,33.333,8224305740907435918,4006963793045735268
heldout,transpose_conv,21_transpose_conv_transpose_conv4,stable_dedup_off,1,1,1,1,1,3344,10081280,55,0,160,5.313,0.000,3840,0,1,0.302,0.000,118.300,1000.000,16.140,71656.000,28.140,200.000,69310.000,60000.000,112.000,0.000,0.008,0.000,4313088,55,0,0,0,440,0,55,0,14491648,4280,243.815,1000.000,8224305740907435918,4006963793045735268
heldout,transpose_conv,21_transpose_conv_transpose_conv4,stable_size_matched_capacity,1,1,1,1,1,3264,9574400,55,0,160,6.790,33.333,4848,0,1,0.269,0.000,85.000,0.000,16.000,70422.000,28.040,0.000,70252.000,80000.000,112.000,0.000,0.008,0.000,4313088,55,0,0,0,440,0,55,0,14540800,5288,211.959,33.333,8224305740907435918,4006963793045735268
heldout,transpose_conv,21_transpose_conv_transpose_conv4,hot_first_ready,1,1,1,1,1,3264,12196096,55,0,160,6.827,33.333,3840,0,1,0.271,0.000,82.100,0.000,15.940,71246.000,28.660,0.000,69322.000,80000.000,112.000,0.000,0.020,0.000,4313088,55,0,0,0,440,0,55,0,14540800,4280,220.998,33.333,8224305740907435918,4511161365951526196
heldout,transpose_conv,21_transpose_conv_transpose_conv4,local_field_order,1,1,1,1,1,3248,9549056,55,0,160,6.660,33.333,3840,0,1,0.269,0.000,88.100,0.000,16.080,72102.000,28.560,0.000,70110.000,80000.000,112.000,0.000,0.006,0.000,4313088,55,0,0,0,440,0,55,0,14544896,4280,212.729,33.333,8224305740907435918,6018651948704096660
heldout,transpose_conv,21_transpose_conv_transpose_conv4,generic_bounded_beam,1,1,1,1,1,3264,48311296,55,0,160,6.963,33.333,4608,0,1,0.271,0.000,90.700,0.000,16.160,71252.000,29.360,0.000,69166.000,80000.000,112.000,0.000,25.327,25.000,6787072,440,8681,0,0,31424,0,55,0,14544896,36032,25537.135,25033.333,8224305740907435918,11837217081317236642
heldout,transpose_conv,21_transpose_conv_transpose_conv4,fb_rcfdp_bounded,1,1,1,1,1,3264,48311296,55,0,160,6.877,0.000,4608,0,1,0.269,0.000,90.500,0.000,16.160,72428.000,28.760,0.000,69828.000,80000.000,112.000,0.000,54.220,54.000,8376320,433,8681,23,23,31008,0,55,0,14544896,35616,54429.946,54000.000,8224305740907435918,11837217081317236642
heldout,hello_world,22_hello_world_hello_world_int8,generated_pack_default,1,1,1,1,1,2704,14068736,123,0,0,8.450,0.000,3456,0,1,0.568,0.000,183.700,0.000,16.820,71630.000,28.840,0.000,69464.000,80000.000,0.000,0.000,0.000,0.000,0,0,0,0,0,0,0,0,0,13553664,3456,192.718,0.000,7036368475164312959,1469598103934665603
heldout,hello_world,22_hello_world_hello_world_int8,stable_legal_topo,1,1,1,1,1,2720,17977344,123,0,354,9.487,0.000,3456,0,1,0.560,5.000,170.000,0.000,16.020,71252.000,28.320,0.000,68660.000,80000.000,180.100,0.000,0.022,0.000,4341760,123,0,0,0,984,0,123,0,13688832,4440,382.447,5.000,7036368475164312959,11857319640804882344
heldout,hello_world,22_hello_world_hello_world_int8,stable_dedup_off,1,1,1,1,1,3152,21348096,123,0,354,7.130,33.333,3456,0,1,0.565,0.000,142.300,0.000,16.100,71182.000,29.200,200.000,68624.000,60000.000,180.100,0.000,0.022,0.000,4341760,123,0,0,0,984,0,123,0,13701120,4440,352.395,33.333,7036368475164312959,11857319640804882344
heldout,hello_world,22_hello_world_hello_world_int8,stable_size_matched_capacity,1,1,1,1,1,2720,17977344,123,0,354,9.653,33.333,4056,0,1,0.570,0.000,175.600,0.000,16.100,69988.000,28.320,200.000,69088.000,60000.000,180.100,0.000,0.022,0.000,4341760,123,0,0,0,984,0,123,0,13639680,5040,388.223,33.333,7036368475164312959,11857319640804882344
heldout,hello_world,22_hello_world_hello_world_int8,hot_first_ready,1,1,1,1,1,2720,31257600,123,0,354,9.857,33.333,3456,0,1,0.564,0.000,152.900,0.000,16.100,69796.000,28.160,200.000,68132.000,60000.000,180.100,0.000,0.064,0.000,4341760,123,0,0,0,984,0,123,0,13692928,4440,406.920,33.333,7036368475164312959,13884517690129104416
heldout,hello_world,22_hello_world_hello_world_int8,local_field_order,1,1,1,1,1,2704,17960448,123,0,354,10.180,33.333,3456,0,1,0.566,0.000,125.800,0.000,16.100,69906.000,28.360,0.000,68706.000,80000.000,180.100,0.000,0.020,0.000,4341760,123,0,0,0,984,0,123,0,13705216,4440,336.446,33.333,7036368475164312959,11003349569304280846
heldout,hello_world,22_hello_world_hello_world_int8,generic_bounded_beam,1,1,1,1,1,2720,17977344,123,0,354,9.547,33.333,3456,0,1,0.567,0.000,123.000,0.000,16.080,69240.000,28.320,0.000,69354.000,80000.000,180.100,0.000,34.179,34.000,5849088,344,20001,0,0,7712,0,123,1,13705216,11168,34491.814,34033.333,7036368475164312959,11857319640804882344
heldout,hello_world,22_hello_world_hello_world_int8,fb_rcfdp_bounded,1,1,1,1,1,2720,17977344,123,0,354,9.670,33.333,3456,0,1,0.565,0.000,141.200,0.000,16.120,69916.000,28.420,0.000,68052.000,80000.000,180.100,0.000,113.051,113.000,6193152,344,20001,0,0,7712,0,123,1,13643776,11168,113382.834,113033.333,7036368475164312959,11857319640804882344
heldout,hello_world,23_hello_world_hello_world_float,generated_pack_default,1,1,1,1,1,3232,17746432,103,0,0,6.653,0.000,3456,0,1,0.512,0.000,127.300,0.000,15.740,71750.000,29.760,0.000,69162.000,60000.000,0.000,0.000,0.000,0.000,0,0,0,0,0,0,0,0,0,13733888,3456,134.466,0.000,3830734122163917585,1469598103934665603
heldout,hello_world,23_hello_world_hello_world_float,stable_legal_topo,1,1,1,1,1,3216,18354688,103,0,303,9.347,0.000,4608,0,1,0.530,0.000,123.000,0.000,15.720,70980.000,28.520,0.000,69880.000,60000.000,133.700,0.000,0.017,0.000,4337664,103,0,0,0,824,0,103,0,13701120,5432,283.877,0.000,3830734122163917585,578115283605553546
heldout,hello_world,23_hello_world_hello_world_float,stable_dedup_off,1,1,1,1,1,3584,21176320,103,0,303,6.677,0.000,4608,0,1,0.512,0.000,105.200,0.000,15.580,71458.000,28.400,0.000,68850.000,60000.000,133.700,0.000,0.017,0.000,4337664,103,0,0,0,824,0,103,0,13746176,5432,263.389,0.000,3830734122163917585,578115283605553546
heldout,hello_world,23_hello_world_hello_world_float,stable_size_matched_capacity,1,1,1,1,1,3216,18354688,103,0,303,8.550,0.000,4752,0,1,0.525,0.000,109.100,0.000,15.520,68652.000,29.400,0.000,68274.000,60000.000,133.700,0.000,0.017,0.000,4337664,103,0,0,0,824,0,103,0,13746176,5576,269.176,0.000,3830734122163917585,578115283605553546
heldout,hello_world,23_hello_world_hello_world_float,hot_first_ready,1,1,1,1,1,3200,18551808,103,0,303,8.940,0.000,4608,0,1,0.503,0.000,95.600,0.000,15.500,70608.000,28.360,0.000,68306.000,60000.000,133.700,0.000,0.050,0.000,4337664,103,0,0,0,824,0,103,0,13746176,5432,288.943,0.000,3830734122163917585,17472005197067793352
heldout,hello_world,23_hello_world_hello_world_float,local_field_order,1,1,1,1,1,3200,18337792,103,0,303,9.117,33.333,4608,0,1,0.507,0.000,98.500,0.000,15.560,69592.000,28.300,0.000,68062.000,80000.000,133.700,0.000,0.015,0.000,4337664,103,0,0,0,824,0,103,0,13746176,5432,256.424,33.333,3830734122163917585,16414876087085663428
heldout,hello_world,23_hello_world_hello_world_float,generic_bounded_beam,1,1,1,1,1,3216,18354688,103,0,303,8.593,0.000,4608,0,1,0.507,5.000,88.200,0.000,15.580,70644.000,28.620,0.000,67074.000,80000.000,133.700,0.000,41.358,42.000,5980160,472,20001,0,0,10720,0,103,1,13746176,15328,41589.101,42005.000,3830734122163917585,578115283605553546
heldout,hello_world,23_hello_world_hello_world_float,fb_rcfdp_bounded,1,1,1,1,1,3216,18354688,103,0,303,9.007,0.000,4608,0,1,0.512,0.000,96.700,0.000,15.760,69772.000,28.160,0.000,68268.000,60000.000,133.700,0.000,123.677,123.000,6217728,472,20001,9,9,10720,0,103,1,13746176,15328,123916.819,123000.000,3830734122163917585,578115283605553546
