model,split,family,arm,on_frontier,dominates_candidate
00_quantize_quantize0,train,quantize,generated_pack_default,1,1
00_quantize_quantize0,train,quantize,stable_legal_topo,1,0
00_quantize_quantize0,train,quantize,stable_dedup_off,0,0
00_quantize_quantize0,train,quantize,stable_size_matched_capacity,1,0
00_quantize_quantize0,train,quantize,hot_first_ready,1,0
00_quantize_quantize0,train,quantize,local_field_order,1,0
00_quantize_quantize0,train,quantize,generic_bounded_beam,1,0
00_quantize_quantize0,train,quantize,fb_rcfdp_bounded,0,0
01_quantize_quantize1,train,quantize,generated_pack_default,1,1
01_quantize_quantize1,train,quantize,stable_legal_topo,1,1
01_quantize_quantize1,train,quantize,stable_dedup_off,1,0
01_quantize_quantize1,train,quantize,stable_size_matched_capacity,1,0
01_quantize_quantize1,train,quantize,hot_first_ready,1,1
01_quantize_quantize1,train,quantize,local_field_order,1,0
01_quantize_quantize1,train,quantize,generic_bounded_beam,1,0
01_quantize_quantize1,train,quantize,fb_rcfdp_bounded,0,0
02_leaky_relu_leaky_relu0,train,leaky_relu,generated_pack_default,1,0
02_leaky_relu_leaky_relu0,train,leaky_relu,stable_legal_topo,1,0
02_leaky_relu_leaky_relu0,train,leaky_relu,stable_dedup_off,1,0
02_leaky_relu_leaky_relu0,train,leaky_relu,stable_size_matched_capacity,1,0
02_leaky_relu_leaky_relu0,train,leaky_relu,hot_first_ready,1,1
02_leaky_relu_leaky_relu0,train,leaky_relu,local_field_order,1,0
02_leaky_relu_leaky_relu0,train,leaky_relu,generic_bounded_beam,0,0
02_leaky_relu_leaky_relu0,train,leaky_relu,fb_rcfdp_bounded,0,0
03_leaky_relu_leaky_relu12,train,leaky_relu,generated_pack_default,1,0
03_leaky_relu_leaky_relu12,train,leaky_relu,stable_legal_topo,1,1
03_leaky_relu_leaky_relu12,train,leaky_relu,stable_dedup_off,1,0
03_leaky_relu_leaky_relu12,train,leaky_relu,stable_size_matched_capacity,0,0
03_leaky_relu_leaky_relu12,train,leaky_relu,hot_first_ready,0,0
03_leaky_relu_leaky_relu12,train,leaky_relu,local_field_order,1,1
03_leaky_relu_leaky_relu12,train,leaky_relu,generic_bounded_beam,0,0
03_leaky_relu_leaky_relu12,train,leaky_relu,fb_rcfdp_bounded,0,0
04_leaky_relu_leaky_relu22,train,leaky_relu,generated_pack_default,1,0
04_leaky_relu_leaky_relu22,train,leaky_relu,stable_legal_topo,0,0
04_leaky_relu_leaky_relu22,train,leaky_relu,stable_dedup_off,0,0
04_leaky_relu_leaky_relu22,train,leaky_relu,stable_size_matched_capacity,1,0
04_leaky_relu_leaky_relu22,train,leaky_relu,hot_first_ready,1,0
04_leaky_relu_leaky_relu22,train,leaky_relu,local_field_order,1,0
04_leaky_relu_leaky_relu22,train,leaky_relu,generic_bounded_beam,0,0
04_leaky_relu_leaky_relu22,train,leaky_relu,fb_rcfdp_bounded,1,0
05_pad_pad0,train,pad,generated_pack_default,1,0
05_pad_pad0,train,pad,stable_legal_topo,1,0
05_pad_pad0,train,pad,stable_dedup_off,1,0
05_pad_pad0,train,pad,stable_size_matched_capacity,1,0
05_pad_pad0,train,pad,hot_first_ready,1,0
05_pad_pad0,train,pad,local_field_order,1,0
05_pad_pad0,train,pad,generic_bounded_beam,1,0
05_pad_pad0,train,pad,fb_rcfdp_bounded,1,0
06_pad_pad10,train,pad,generated_pack_default,1,0
06_pad_pad10,train,pad,stable_legal_topo,1,0
06_pad_pad10,train,pad,stable_dedup_off,1,0
06_pad_pad10,train,pad,stable_size_matched_capacity,1,0
06_pad_pad10,train,pad,hot_first_ready,1,0
06_pad_pad10,train,pad,local_field_order,1,0
06_pad_pad10,train,pad,generic_bounded_beam,1,0
06_pad_pad10,train,pad,fb_rcfdp_bounded,1,0
07_pad_pad18,train,pad,generated_pack_default,1,0
07_pad_pad18,train,pad,stable_legal_topo,1,0
07_pad_pad18,train,pad,stable_dedup_off,1,0
07_pad_pad18,train,pad,stable_size_matched_capacity,0,0
07_pad_pad18,train,pad,hot_first_ready,0,0
07_pad_pad18,train,pad,local_field_order,1,0
07_pad_pad18,train,pad,generic_bounded_beam,1,0
07_pad_pad18,train,pad,fb_rcfdp_bounded,1,0
08_add_add0,train,add,generated_pack_default,1,1
08_add_add0,train,add,stable_legal_topo,1,0
08_add_add0,train,add,stable_dedup_off,1,0
08_add_add0,train,add,stable_size_matched_capacity,1,0
08_add_add0,train,add,hot_first_ready,1,0
08_add_add0,train,add,local_field_order,1,0
08_add_add0,train,add,generic_bounded_beam,1,0
08_add_add0,train,add,fb_rcfdp_bounded,0,0
09_add_add1,train,add,generated_pack_default,1,0
09_add_add1,train,add,stable_legal_topo,0,0
09_add_add1,train,add,stable_dedup_off,1,0
09_add_add1,train,add,stable_size_matched_capacity,1,0
09_add_add1,train,add,hot_first_ready,1,0
09_add_add1,train,add,local_field_order,1,0
09_add_add1,train,add,generic_bounded_beam,1,0
09_add_add1,train,add,fb_rcfdp_bounded,1,0
10_add_add16,train,add,generated_pack_default,1,0
10_add_add16,train,add,stable_legal_topo,1,0
10_add_add16,train,add,stable_dedup_off,1,0
10_add_add16,train,add,stable_size_matched_capacity,1,0
10_add_add16,train,add,hot_first_ready,1,0
10_add_add16,train,add,local_field_order,0,0
10_add_add16,train,add,generic_bounded_beam,1,0
10_add_add16,train,add,fb_rcfdp_bounded,1,0
11_sub_sub0,heldout,sub,generated_pack_default,1,0
11_sub_sub0,heldout,sub,stable_legal_topo,1,0
11_sub_sub0,heldout,sub,stable_dedup_off,1,0
11_sub_sub0,heldout,sub,stable_size_matched_capacity,1,0
11_sub_sub0,heldout,sub,hot_first_ready,0,0
11_sub_sub0,heldout,sub,local_field_order,1,0
11_sub_sub0,heldout,sub,generic_bounded_beam,1,0
11_sub_sub0,heldout,sub,fb_rcfdp_bounded,1,0
12_sub_sub4,heldout,sub,generated_pack_default,1,0
12_sub_sub4,heldout,sub,stable_legal_topo,0,0
12_sub_sub4,heldout,sub,stable_dedup_off,1,0
12_sub_sub4,heldout,sub,stable_size_matched_capacity,1,0
12_sub_sub4,heldout,sub,hot_first_ready,1,0
12_sub_sub4,heldout,sub,local_field_order,1,0
12_sub_sub4,heldout,sub,generic_bounded_beam,1,0
12_sub_sub4,heldout,sub,fb_rcfdp_bounded,1,0
13_strided_slice_strided_slice0,heldout,strided_slice,generated_pack_default,1,0
13_strided_slice_strided_slice0,heldout,strided_slice,stable_legal_topo,1,0
13_strided_slice_strided_slice0,heldout,strided_slice,stable_dedup_off,1,0
13_strided_slice_strided_slice0,heldout,strided_slice,stable_size_matched_capacity,1,0
13_strided_slice_strided_slice0,heldout,strided_slice,hot_first_ready,1,0
13_strided_slice_strided_slice0,heldout,strided_slice,local_field_order,1,0
13_strided_slice_strided_slice0,heldout,strided_slice,generic_bounded_beam,1,0
13_strided_slice_strided_slice0,heldout,strided_slice,fb_rcfdp_bounded,1,0
14_strided_slice_strided_slice15,heldout,strided_slice,generated_pack_default,1,0
14_strided_slice_strided_slice15,heldout,strided_slice,stable_legal_topo,1,0
14_strided_slice_strided_slice15,heldout,strided_slice,stable_dedup_off,1,0
14_strided_slice_strided_slice15,heldout,strided_slice,stable_size_matched_capacity,1,0
14_strided_slice_strided_slice15,heldout,strided_slice,hot_first_ready,1,0
14_strided_slice_strided_slice15,heldout,strided_slice,local_field_order,1,0
14_strided_slice_strided_slice15,heldout,strided_slice,generic_bounded_beam,1,0
14_strided_slice_strided_slice15,heldout,strided_slice,fb_rcfdp_bounded,1,0
15_strided_slice_strided_slice33,heldout,strided_slice,generated_pack_default,1,0
15_strided_slice_strided_slice33,heldout,strided_slice,stable_legal_topo,0,0
15_strided_slice_strided_slice33,heldout,strided_slice,stable_dedup_off,1,0
15_strided_slice_strided_slice33,heldout,strided_slice,stable_size_matched_capacity,1,0
15_strided_slice_strided_slice33,heldout,strided_slice,hot_first_ready,0,0
15_strided_slice_strided_slice33,heldout,strided_slice,local_field_order,0,0
15_strided_slice_strided_slice33,heldout,strided_slice,generic_bounded_beam,0,0
15_strided_slice_strided_slice33,heldout,strided_slice,fb_rcfdp_bounded,1,0
16_conv_conv0,heldout,conv,generated_pack_default,1,0
16_conv_conv0,heldout,conv,stable_legal_topo,1,0
16_conv_conv0,heldout,conv,stable_dedup_off,1,0
16_conv_conv0,heldout,conv,stable_size_matched_capacity,1,1
16_conv_conv0,heldout,conv,hot_first_ready,1,1
16_conv_conv0,heldout,conv,local_field_order,1,0
16_conv_conv0,heldout,conv,generic_bounded_beam,0,0
16_conv_conv0,heldout,conv,fb_rcfdp_bounded,0,0
17_conv_conv1,heldout,conv,generated_pack_default,1,0
17_conv_conv1,heldout,conv,stable_legal_topo,1,0
17_conv_conv1,heldout,conv,stable_dedup_off,1,0
17_conv_conv1,heldout,conv,stable_size_matched_capacity,1,0
17_conv_conv1,heldout,conv,hot_first_ready,1,0
17_conv_conv1,heldout,conv,local_field_order,1,0
17_conv_conv1,heldout,conv,generic_bounded_beam,1,0
17_conv_conv1,heldout,conv,fb_rcfdp_bounded,1,0
18_conv_conv2,heldout,conv,generated_pack_default,1,0
18_conv_conv2,heldout,conv,stable_legal_topo,1,0
18_conv_conv2,heldout,conv,stable_dedup_off,1,0
18_conv_conv2,heldout,conv,stable_size_matched_capacity,1,0
18_conv_conv2,heldout,conv,hot_first_ready,1,1
18_conv_conv2,heldout,conv,local_field_order,1,0
18_conv_conv2,heldout,conv,generic_bounded_beam,0,0
18_conv_conv2,heldout,conv,fb_rcfdp_bounded,0,0
19_conv_conv20,heldout,conv,generated_pack_default,1,1
19_conv_conv20,heldout,conv,stable_legal_topo,1,0
19_conv_conv20,heldout,conv,stable_dedup_off,1,0
19_conv_conv20,heldout,conv,stable_size_matched_capacity,1,0
19_conv_conv20,heldout,conv,hot_first_ready,1,0
19_conv_conv20,heldout,conv,local_field_order,1,0
19_conv_conv20,heldout,conv,generic_bounded_beam,0,0
19_conv_conv20,heldout,conv,fb_rcfdp_bounded,0,0
20_conv_conv21,heldout,conv,generated_pack_default,1,0
20_conv_conv21,heldout,conv,stable_legal_topo,1,0
20_conv_conv21,heldout,conv,stable_dedup_off,1,0
20_conv_conv21,heldout,conv,stable_size_matched_capacity,1,0
20_conv_conv21,heldout,conv,hot_first_ready,1,0
20_conv_conv21,heldout,conv,local_field_order,1,0
20_conv_conv21,heldout,conv,generic_bounded_beam,1,0
20_conv_conv21,heldout,conv,fb_rcfdp_bounded,1,0
21_transpose_conv_transpose_conv4,heldout,transpose_conv,generated_pack_default,1,0
21_transpose_conv_transpose_conv4,heldout,transpose_conv,stable_legal_topo,1,0
21_transpose_conv_transpose_conv4,heldout,transpose_conv,stable_dedup_off,1,0
21_transpose_conv_transpose_conv4,heldout,transpose_conv,stable_size_matched_capacity,1,0
21_transpose_conv_transpose_conv4,heldout,transpose_conv,hot_first_ready,1,1
21_transpose_conv_transpose_conv4,heldout,transpose_conv,local_field_order,1,0
21_transpose_conv_transpose_conv4,heldout,transpose_conv,generic_bounded_beam,1,0
21_transpose_conv_transpose_conv4,heldout,transpose_conv,fb_rcfdp_bounded,0,0
22_hello_world_hello_world_int8,heldout,hello_world,generated_pack_default,1,0
22_hello_world_hello_world_int8,heldout,hello_world,stable_legal_topo,1,0
22_hello_world_hello_world_int8,heldout,hello_world,stable_dedup_off,1,0
22_hello_world_hello_world_int8,heldout,hello_world,stable_size_matched_capacity,1,0
22_hello_world_hello_world_int8,heldout,hello_world,hot_first_ready,1,0
22_hello_world_hello_world_int8,heldout,hello_world,local_field_order,1,0
22_hello_world_hello_world_int8,heldout,hello_world,generic_bounded_beam,0,0
22_hello_world_hello_world_int8,heldout,hello_world,fb_rcfdp_bounded,1,0
23_hello_world_hello_world_float,heldout,hello_world,generated_pack_default,1,0
23_hello_world_hello_world_float,heldout,hello_world,stable_legal_topo,1,0
23_hello_world_hello_world_float,heldout,hello_world,stable_dedup_off,1,0
23_hello_world_hello_world_float,heldout,hello_world,stable_size_matched_capacity,1,0
23_hello_world_hello_world_float,heldout,hello_world,hot_first_ready,1,0
23_hello_world_hello_world_float,heldout,hello_world,local_field_order,1,0
23_hello_world_hello_world_float,heldout,hello_world,generic_bounded_beam,1,0
23_hello_world_hello_world_float,heldout,hello_world,fb_rcfdp_bounded,1,0
