model,split,family,candidate_on_full_cost_frontier,candidate_full_cost_dominators,frontier_arms,candidate_fallback,candidate_useful_residual_actions,candidate_plan_transitions,candidate_bytes,union_best_bytes,bytes_delta,bytes_delta_pct,candidate_trace_warm,union_best_trace_warm,trace_warm_delta,trace_warm_delta_pct,candidate_trace_cold,union_best_trace_cold,trace_cold_delta,trace_cold_delta_pct
00_quantize_quantize0,train,quantize,0,generated_pack_default,generated_pack_default;generic_bounded_beam;hot_first_ready;local_field_order;stable_legal_topo;stable_size_matched_capacity,0,0,25,408.0,400.0,8.0,2.0,26.96,26.84,0.120000000000001,0.4470938897168443,70840.0,69824.0,1016.0,1.4550870760769936
01_quantize_quantize1,train,quantize,0,generated_pack_default;hot_first_ready;stable_legal_topo,generated_pack_default;generic_bounded_beam;hot_first_ready;local_field_order;stable_dedup_off;stable_legal_topo;stable_size_matched_capacity,0,0,25,408.0,400.0,8.0,2.0,28.36,26.98,1.379999999999999,5.114899925871011,70172.0,69758.0,414.0,0.5934803176696579
02_leaky_relu_leaky_relu0,train,leaky_relu,0,hot_first_ready,generated_pack_default;hot_first_ready;local_field_order;stable_dedup_off;stable_legal_topo;stable_size_matched_capacity,0,0,32,888.0,856.0,32.0,3.7383177570093458,28.26,27.82,0.4400000000000013,1.5815959741193433,70288.0,68946.0,1342.0,1.9464508455893017
03_leaky_relu_leaky_relu12,train,leaky_relu,0,local_field_order;stable_legal_topo,generated_pack_default;local_field_order;stable_dedup_off;stable_legal_topo,0,0,32,648.0,624.0,24.0,3.8461538461538463,29.36,26.54,2.8200000000000003,10.625470987189148,70644.0,66156.0,4488.0,6.783965173226918
04_leaky_relu_leaky_relu22,train,leaky_relu,1,,fb_rcfdp_bounded;generated_pack_default;hot_first_ready;local_field_order;stable_size_matched_capacity,0,0,32,632.0,608.0,24.0,3.9473684210526314,28.04,27.92,0.11999999999999744,0.42979942693408824,68582.0,69074.0,-492.0,-0.7122795842140314
05_pad_pad0,train,pad,1,,fb_rcfdp_bounded;generated_pack_default;generic_bounded_beam;hot_first_ready;local_field_order;stable_dedup_off;stable_legal_topo;stable_size_matched_capacity,0,0,38,800.0,784.0,16.0,2.0408163265306123,28.28,28.14,0.14000000000000057,0.4975124378109473,68556.0,68782.0,-226.0,-0.328574336308918
06_pad_pad10,train,pad,1,,fb_rcfdp_bounded;generated_pack_default;generic_bounded_beam;hot_first_ready;local_field_order;stable_dedup_off;stable_legal_topo;stable_size_matched_capacity,0,0,38,848.0,832.0,16.0,1.9230769230769231,28.52,27.98,0.5399999999999991,1.9299499642601827,69750.0,68250.0,1500.0,2.197802197802198
07_pad_pad18,train,pad,1,,fb_rcfdp_bounded;generated_pack_default;generic_bounded_beam;local_field_order;stable_dedup_off;stable_legal_topo,0,0,38,832.0,816.0,16.0,1.9607843137254901,28.22,28.02,0.1999999999999993,0.7137758743754435,68754.0,68112.0,642.0,0.9425651867512332
08_add_add0,train,add,0,generated_pack_default,generated_pack_default;generic_bounded_beam;hot_first_ready;local_field_order;stable_dedup_off;stable_legal_topo;stable_size_matched_capacity,0,0,41,1296.0,1288.0,8.0,0.6211180124223602,27.64,27.42,0.21999999999999886,0.8023340627279316,68612.0,67886.0,726.0,1.0694399434345816
09_add_add1,train,add,1,,fb_rcfdp_bounded;generated_pack_default;generic_bounded_beam;hot_first_ready;local_field_order;stable_dedup_off;stable_size_matched_capacity,0,0,41,1008.0,1000.0,8.0,0.8,27.5,27.28,0.21999999999999886,0.8064516129032216,68944.0,67748.0,1196.0,1.765365767255122
10_add_add16,train,add,1,,fb_rcfdp_bounded;generated_pack_default;generic_bounded_beam;hot_first_ready;stable_dedup_off;stable_legal_topo;stable_size_matched_capacity,0,0,41,912.0,896.0,16.0,1.7857142857142858,27.58,27.28,0.29999999999999716,1.0997067448680247,68188.0,67920.0,268.0,0.3945818610129564
11_sub_sub0,heldout,sub,1,,fb_rcfdp_bounded;generated_pack_default;generic_bounded_beam;local_field_order;stable_dedup_off;stable_legal_topo;stable_size_matched_capacity,0,0,41,856.0,856.0,0.0,0.0,28.84,27.44,1.3999999999999986,5.102040816326525,68224.0,67734.0,490.0,0.7234180765937344
12_sub_sub4,heldout,sub,1,,fb_rcfdp_bounded;generated_pack_default;generic_bounded_beam;hot_first_ready;local_field_order;stable_dedup_off;stable_size_matched_capacity,0,0,41,856.0,856.0,0.0,0.0,28.06,27.86,0.1999999999999993,0.7178750897343836,69154.0,68520.0,634.0,0.9252772913018097
13_strided_slice_strided_slice0,heldout,strided_slice,1,,fb_rcfdp_bounded;generated_pack_default;generic_bounded_beam;hot_first_ready;local_field_order;stable_dedup_off;stable_legal_topo;stable_size_matched_capacity,0,0,50,1152.0,1136.0,16.0,1.408450704225352,29.28,28.14,1.1400000000000006,4.051172707889128,68802.0,68384.0,418.0,0.6112540945250351
14_strided_slice_strided_slice15,heldout,strided_slice,1,,fb_rcfdp_bounded;generated_pack_default;generic_bounded_beam;hot_first_ready;local_field_order;stable_dedup_off;stable_legal_topo;stable_size_matched_capacity,0,0,50,1264.0,1248.0,16.0,1.2820512820512822,28.22,28.06,0.16000000000000014,0.5702066999287247,68394.0,68092.0,302.0,0.4435175938436233
15_strided_slice_strided_slice33,heldout,strided_slice,1,,fb_rcfdp_bounded;generated_pack_default;stable_dedup_off;stable_size_matched_capacity,0,0,50,1152.0,1136.0,16.0,1.408450704225352,28.32,28.12,0.1999999999999993,0.7112375533428139,68264.0,68052.0,212.0,0.3115264797507788
16_conv_conv0,heldout,conv,0,hot_first_ready;stable_size_matched_capacity,generated_pack_default;hot_first_ready;local_field_order;stable_dedup_off;stable_legal_topo;stable_size_matched_capacity,0,0,50,2416.0,2368.0,48.0,2.027027027027027,27.96,27.56,0.40000000000000213,1.4513788098693836,69066.0,67570.0,1496.0,2.2140002959893446
17_conv_conv1,heldout,conv,1,,fb_rcfdp_bounded;generated_pack_default;generic_bounded_beam;hot_first_ready;local_field_order;stable_dedup_off;stable_legal_topo;stable_size_matched_capacity,0,0,50,2224.0,2192.0,32.0,1.4598540145985401,27.84,27.84,0.0,0.0,69568.0,68240.0,1328.0,1.9460726846424385
18_conv_conv2,heldout,conv,0,hot_first_ready,generated_pack_default;hot_first_ready;local_field_order;stable_dedup_off;stable_legal_topo;stable_size_matched_capacity,0,0,50,3536.0,3488.0,48.0,1.3761467889908257,27.86,27.64,0.21999999999999886,0.7959479015918917,68486.0,67812.0,674.0,0.9939243791659294
19_conv_conv20,heldout,conv,0,generated_pack_default,generated_pack_default;hot_first_ready;local_field_order;stable_dedup_off;stable_legal_topo;stable_size_matched_capacity,0,0,50,1648.0,1600.0,48.0,3.0,29.16,28.06,1.1000000000000014,3.9201710620099837,69748.0,68794.0,954.0,1.386748844375963
20_conv_conv21,heldout,conv,1,,fb_rcfdp_bounded;generated_pack_default;generic_bounded_beam;hot_first_ready;local_field_order;stable_dedup_off;stable_legal_topo;stable_size_matched_capacity,0,0,50,2064.0,2032.0,32.0,1.5748031496062993,28.16,28.0,0.16000000000000014,0.571428571428572,68256.0,68534.0,-278.0,-0.4056380774506085
21_transpose_conv_transpose_conv4,heldout,transpose_conv,0,hot_first_ready,generated_pack_default;generic_bounded_beam;hot_first_ready;local_field_order;stable_dedup_off;stable_legal_topo;stable_size_matched_capacity,0,0,55,3264.0,3248.0,16.0,0.49261083743842365,28.76,28.04,0.7200000000000024,2.567760342368054,69828.0,69166.0,662.0,0.9571176589653876
22_hello_world_hello_world_int8,heldout,hello_world,1,,fb_rcfdp_bounded;generated_pack_default;hot_first_ready;local_field_order;stable_dedup_off;stable_legal_topo;stable_size_matched_capacity,1,0,123,2720.0,2704.0,16.0,0.591715976331361,28.42,28.16,0.26000000000000156,0.9232954545454601,68052.0,68132.0,-80.0,-0.11741912757588212
23_hello_world_hello_world_float,heldout,hello_world,1,,fb_rcfdp_bounded;generated_pack_default;generic_bounded_beam;hot_first_ready;local_field_order;stable_dedup_off;stable_legal_topo;stable_size_matched_capacity,1,0,103,3216.0,3200.0,16.0,0.5,28.16,28.3,-0.14000000000000057,-0.49469964664311156,68268.0,67074.0,1194.0,1.780123445746489
