asset_id	kind	official_url_or_source	exact_commit_or_gitlink	bytes	sha256	license_or_verification	status
aiger-source	archive	https://codeload.github.com/arminbiere/aiger/tar.gz/039ec1a2cc37d3093ac35c4b6df65336b346f409	039ec1a2cc37d3093ac35c4b6df65336b346f409	197327	37803A6F64D824930715D6FC70AB3A1644304BBFBD5676B746AFA83855985D8B	GitHub commit unsigned; immutable exact SHA; LICENSE CE1F46EC59457DD33714439E222B31F53C331BFA65D269F6FFC408CAEFCE3014	ACCEPTED_SOURCE
yosys-source	archive	https://codeload.github.com/YosysHQ/yosys/tar.gz/0f2bcb94b7dc8310a52abf6eef3a7e1a9f09b552	0f2bcb94b7dc8310a52abf6eef3a7e1a9f09b552	3696972	2B313F3DA8C3695219097F75676E909D2B9C8EFD1D43060C0C09C7DB84CDAE39	GitHub valid signature; ISC; COPYING 6998B5724D4CB3F459D1C12B6BD0CDBFA9C949EF14D0FB6D7D97D97404E5B5F3	ACCEPTED_SOURCE
abc-source	archive	https://codeload.github.com/berkeley-abc/abc/tar.gz/6c51a9238544bce6eb300b7b1c3e5bb4215bec84	6c51a9238544bce6eb300b7b1c3e5bb4215bec84	7710210	657CC9053527EA1E25EC32A2D03D07A1681C36EFB0FD1AA120399C7183C6D2F2	GitHub commit unsigned; immutable exact SHA; copyright 819151B8F059A48F806C75732EF62B1F873B49B6A04FB128AED28BF87D3DCD6C	ACCEPTED_SOURCE
yosys-cxxopts	archive	https://codeload.github.com/jarro2783/cxxopts/tar.gz/4bf61f08697b110d9e3991864650a405b3dd515d	4bf61f08697b110d9e3991864650a405b3dd515d	160673	6A198FDD59E95FE8D4E4BA2A5583E72E610E725192E9CCC2A06A23DFC8243A13	Yosys exact-tree gitlink	ACCEPTED_BUILD_DEPENDENCY
yosys-fmt	archive	https://codeload.github.com/fmtlib/fmt/tar.gz/a00f82c6b66dcae15503ba19c1598b2733057dea	a00f82c6b66dcae15503ba19c1598b2733057dea	742164	360099778B1BF7088769D07B51B59474450DFAE3CD63C333D2E3F3903D666A52	Yosys exact-tree gitlink	ACCEPTED_BUILD_DEPENDENCY
yosys-tomlplusplus	archive	https://codeload.github.com/marzer/tomlplusplus/tar.gz/a43ad3787293f4a46b1d70c0924b5a25d10e79fc	a43ad3787293f4a46b1d70c0924b5a25d10e79fc	1303578	46995DDC5BAFF656A2D527D4329A382C14412F963FA0EDF418319280E8435C40	Yosys exact-tree gitlink	ACCEPTED_BUILD_DEPENDENCY
yosys-boost-regex	archive	https://codeload.github.com/MikePopoloski/regex/tar.gz/2b3ac0834f31086c6e3c0e0ceb8516e427d5c39d	2b3ac0834f31086c6e3c0e0ceb8516e427d5c39d	514450	5674D9802E115D3ED12C9A1301716F7F0DEBABF46478449F1112E2A21E6EEECF	Yosys exact-tree gitlink	ACCEPTED_BUILD_DEPENDENCY
aigtoaig-windows-x64	binary	local unmodified build from accepted AIGER source	039ec1a2cc37d3093ac35c4b6df65336b346f409	113152	C074052C66DA92B3062EDD5A9BBD3B7CD0D4BDD29B011EC738CCBF9683257811	AIGER license; help exit 0; stock binary roundtrip failed	REJECTED_RESOURCE_SMOKE

