split,family,model,arm,eligible,verify,equality,identifier,alignment,bytes,weighted_distance,nodes,aliases,builder_calls,builder_wall_us,verify_wall_us,reader_warm_ns,reader_cold_ns,planner_wall_ms,planner_cpu_ms,planner_peak_rss,planner_states,planner_transitions,planner_merges,planner_distinct_raw_merges,planner_temp_bytes,fallback,process_peak_rss,canonical_fnv64
train,quantize,00_quantize_quantize0,generated_pack_default,1,1,1,1,1,408,11084,25,0,0,1.617,0.141,13.760,72566.000,0.000,0.000,0,0,0,0,0,0,0,13017088,17233418536327131010
train,quantize,00_quantize_quantize0,stable_legal_topo,1,1,1,1,1,400,15184,25,0,73,3.310,0.140,13.900,72896.000,0.000,0.000,0,0,0,0,0,0,0,13037568,17233418536327131010
train,quantize,00_quantize_quantize0,stable_dedup_off,1,1,1,1,1,424,16048,25,0,73,1.360,0.142,14.400,71638.000,0.000,0.000,0,0,0,0,0,0,0,13041664,17233418536327131010
train,quantize,00_quantize_quantize0,stable_size_matched_capacity,1,1,1,1,1,400,15184,25,0,73,2.447,0.148,14.160,72276.000,0.000,0.000,0,0,0,0,0,0,0,13049856,17233418536327131010
train,quantize,00_quantize_quantize0,hot_first_ready,1,1,1,1,1,408,17436,25,0,73,2.333,0.140,14.200,72882.000,0.000,0.000,0,0,0,0,0,0,0,13021184,17233418536327131010
train,quantize,00_quantize_quantize0,local_field_order,1,1,1,1,1,400,15184,25,0,73,2.630,0.142,14.200,78464.000,0.000,0.000,0,0,0,0,0,0,0,13025280,17233418536327131010
train,quantize,00_quantize_quantize0,generic_bounded_beam,1,1,1,1,1,408,18796,25,0,73,2.503,0.141,13.980,78532.000,2.283,3.000,4521984,200,1430,0,0,608,0,13025280,17233418536327131010
train,quantize,00_quantize_quantize0,fb_rcfdp_bounded,1,1,1,1,1,424,20024,25,0,73,2.377,0.142,14.180,72064.000,5.060,5.000,4624384,193,1436,45,45,624,0,13025280,17233418536327131010
train,quantize,01_quantize_quantize1,generated_pack_default,1,1,1,1,1,408,11084,25,0,0,1.613,0.139,14.820,72208.000,0.000,0.000,0,0,0,0,0,0,0,13021184,16765929746940610966
train,quantize,01_quantize_quantize1,stable_legal_topo,1,1,1,1,1,400,15184,25,0,73,3.190,0.140,13.660,72558.000,0.000,0.000,0,0,0,0,0,0,0,13041664,16765929746940610966
train,quantize,01_quantize_quantize1,stable_dedup_off,1,1,1,1,1,424,16048,25,0,73,1.310,0.139,13.760,71876.000,0.000,0.000,0,0,0,0,0,0,0,13045760,16765929746940610966
train,quantize,01_quantize_quantize1,stable_size_matched_capacity,1,1,1,1,1,400,15184,25,0,73,2.337,0.139,13.720,73666.000,0.000,0.000,0,0,0,0,0,0,0,13053952,16765929746940610966
train,quantize,01_quantize_quantize1,hot_first_ready,1,1,1,1,1,408,17436,25,0,73,2.340,0.140,13.700,71334.000,0.000,0.000,0,0,0,0,0,0,0,13025280,16765929746940610966
train,quantize,01_quantize_quantize1,local_field_order,1,1,1,1,1,400,15184,25,0,73,2.480,0.139,13.940,72100.000,0.000,0.000,0,0,0,0,0,0,0,13029376,16765929746940610966
train,quantize,01_quantize_quantize1,generic_bounded_beam,1,1,1,1,1,408,18796,25,0,73,2.203,0.141,14.080,71970.000,2.436,2.000,4526080,200,1430,0,0,608,0,13029376,16765929746940610966
train,quantize,01_quantize_quantize1,fb_rcfdp_bounded,1,1,1,1,1,424,20024,25,0,73,2.327,0.139,13.880,71416.000,4.909,5.000,4628480,193,1436,45,45,624,0,13029376,16765929746940610966
train,leaky_relu,02_leaky_relu_leaky_relu0,generated_pack_default,1,1,1,1,1,856,22312,32,0,0,2.050,0.164,15.860,74082.000,0.000,0.000,0,0,0,0,0,0,0,13344768,16651537719671144799
train,leaky_relu,02_leaky_relu_leaky_relu0,stable_legal_topo,1,1,1,1,1,872,37524,32,0,93,2.960,0.164,15.240,73140.000,0.000,0.000,0,0,0,0,0,0,0,13402112,16651537719671144799
train,leaky_relu,02_leaky_relu_leaky_relu0,stable_dedup_off,1,1,1,1,1,896,38540,32,0,93,1.963,0.161,14.780,72232.000,0.000,0.000,0,0,0,0,0,0,0,13402112,16651537719671144799
train,leaky_relu,02_leaky_relu_leaky_relu0,stable_size_matched_capacity,1,1,1,1,1,872,37524,32,0,93,3.057,0.161,14.980,72696.000,0.000,0.000,0,0,0,0,0,0,0,13365248,16651537719671144799
train,leaky_relu,02_leaky_relu_leaky_relu0,hot_first_ready,1,1,1,1,1,888,37792,32,0,93,3.233,0.163,15.000,72186.000,0.000,0.000,0,0,0,0,0,0,0,13365248,16651537719671144799
train,leaky_relu,02_leaky_relu_leaky_relu0,local_field_order,1,1,1,1,1,872,37524,32,0,93,3.070,0.163,15.040,72276.000,0.000,0.000,0,0,0,0,0,0,0,13365248,16651537719671144799
train,leaky_relu,02_leaky_relu_leaky_relu0,generic_bounded_beam,1,1,1,1,1,896,68884,32,0,93,2.897,0.164,15.220,73564.000,4.914,5.000,4849664,256,2854,0,0,1152,0,13365248,16651537719671144799
train,leaky_relu,02_leaky_relu_leaky_relu0,fb_rcfdp_bounded,1,1,1,1,1,896,68884,32,0,93,3.043,0.162,15.880,72328.000,11.691,12.000,5021696,249,2854,29,29,1152,0,13365248,16651537719671144799
train,leaky_relu,03_leaky_relu_leaky_relu12,generated_pack_default,1,1,1,1,1,624,19192,32,0,0,2.050,0.164,15.160,74670.000,0.000,0.000,0,0,0,0,0,0,0,13344768,12554223923102201017
train,leaky_relu,03_leaky_relu_leaky_relu12,stable_legal_topo,1,1,1,1,1,640,28836,32,0,93,3.943,0.163,17.200,73384.000,0.000,0.000,0,0,0,0,0,0,0,13348864,12554223923102201017
train,leaky_relu,03_leaky_relu_leaky_relu12,stable_dedup_off,1,1,1,1,1,664,29852,32,0,93,1.780,0.162,15.100,72540.000,0.000,0.000,0,0,0,0,0,0,0,13352960,12554223923102201017
train,leaky_relu,03_leaky_relu_leaky_relu12,stable_size_matched_capacity,1,1,1,1,1,640,28836,32,0,93,2.877,0.161,15.160,74466.000,0.000,0.000,0,0,0,0,0,0,0,13357056,12554223923102201017
train,leaky_relu,03_leaky_relu_leaky_relu12,hot_first_ready,1,1,1,1,1,656,32352,32,0,93,3.027,0.164,14.880,77730.000,0.000,0.000,0,0,0,0,0,0,0,13357056,12554223923102201017
train,leaky_relu,03_leaky_relu_leaky_relu12,local_field_order,1,1,1,1,1,640,28836,32,0,93,3.040,0.163,14.940,83806.000,0.000,0.000,0,0,0,0,0,0,0,13357056,12554223923102201017
train,leaky_relu,03_leaky_relu_leaky_relu12,generic_bounded_beam,1,1,1,1,1,664,46388,32,0,93,2.867,0.160,14.900,72202.000,4.737,5.000,4796416,256,2854,0,0,920,0,13357056,12554223923102201017
train,leaky_relu,03_leaky_relu_leaky_relu12,fb_rcfdp_bounded,1,1,1,1,1,664,46388,32,0,93,2.770,0.164,15.020,71958.000,11.589,11.000,5005312,249,2854,29,29,920,0,13340672,12554223923102201017
train,leaky_relu,04_leaky_relu_leaky_relu22,generated_pack_default,1,1,1,1,1,608,18712,32,0,0,2.370,0.166,15.240,73058.000,0.000,0.000,0,0,0,0,0,0,0,13279232,2909210619804601163
train,leaky_relu,04_leaky_relu_leaky_relu22,stable_legal_topo,1,1,1,1,1,632,28472,32,0,93,2.913,0.164,15.040,73220.000,0.000,0.000,0,0,0,0,0,0,0,13328384,2909210619804601163
train,leaky_relu,04_leaky_relu_leaky_relu22,stable_dedup_off,1,1,1,1,1,656,29488,32,0,93,1.877,0.164,15.120,74612.000,0.000,0.000,0,0,0,0,0,0,0,13336576,2909210619804601163
train,leaky_relu,04_leaky_relu_leaky_relu22,stable_size_matched_capacity,1,1,1,1,1,632,28472,32,0,93,3.020,0.164,15.240,72996.000,0.000,0.000,0,0,0,0,0,0,0,13336576,2909210619804601163
train,leaky_relu,04_leaky_relu_leaky_relu22,hot_first_ready,1,1,1,1,1,640,31712,32,0,93,3.037,0.161,14.840,72252.000,0.000,0.000,0,0,0,0,0,0,0,13336576,2909210619804601163
train,leaky_relu,04_leaky_relu_leaky_relu22,local_field_order,1,1,1,1,1,632,28472,32,0,93,3.820,0.176,15.000,73224.000,0.000,0.000,0,0,0,0,0,0,0,13336576,2909210619804601163
train,leaky_relu,04_leaky_relu_leaky_relu22,generic_bounded_beam,1,1,1,1,1,648,44820,32,0,93,3.173,0.163,14.940,72310.000,4.941,5.000,4808704,256,2854,0,0,904,0,13307904,2909210619804601163
train,leaky_relu,04_leaky_relu_leaky_relu22,fb_rcfdp_bounded,1,1,1,1,1,648,44820,32,0,93,2.723,0.161,15.320,71966.000,11.800,12.000,5029888,249,2854,29,29,904,0,13307904,2909210619804601163
train,pad,05_pad_pad0,generated_pack_default,1,1,1,1,1,784,27504,38,0,0,3.297,0.194,16.100,73404.000,0.000,0.000,0,0,0,0,0,0,0,13316096,1231445083847178882
train,pad,05_pad_pad0,stable_legal_topo,1,1,1,1,1,816,38516,38,0,111,3.330,0.194,16.000,72714.000,0.000,0.000,0,0,0,0,0,0,0,13385728,1231445083847178882
train,pad,05_pad_pad0,stable_dedup_off,1,1,1,1,1,848,41328,38,0,111,2.030,0.195,15.820,71880.000,0.000,0.000,0,0,0,0,0,0,0,13389824,1231445083847178882
train,pad,05_pad_pad0,stable_size_matched_capacity,1,1,1,1,1,816,38516,38,0,111,3.450,0.193,16.020,72610.000,0.000,0.000,0,0,0,0,0,0,0,13328384,1231445083847178882
train,pad,05_pad_pad0,hot_first_ready,1,1,1,1,1,800,46324,38,0,111,3.237,0.196,16.040,72680.000,0.000,0.000,0,0,0,0,0,0,0,13328384,1231445083847178882
train,pad,05_pad_pad0,local_field_order,1,1,1,1,1,816,38516,38,0,111,3.387,0.192,15.720,73218.000,0.000,0.000,0,0,0,0,0,0,0,13328384,1231445083847178882
train,pad,05_pad_pad0,generic_bounded_beam,1,1,1,1,1,800,68112,38,0,111,3.177,0.201,20.200,72212.000,7.196,8.000,4935680,304,3975,0,0,1104,0,13328384,1231445083847178882
train,pad,05_pad_pad0,fb_rcfdp_bounded,1,1,1,1,1,800,68112,38,0,111,2.997,0.191,15.960,72196.000,17.411,17.000,5124096,297,3975,23,23,1104,0,13340672,1231445083847178882
train,pad,06_pad_pad10,generated_pack_default,1,1,1,1,1,832,28368,38,0,0,2.763,0.215,16.020,72840.000,0.000,0.000,0,0,0,0,0,0,0,13312000,3041057189972117130
train,pad,06_pad_pad10,stable_legal_topo,1,1,1,1,1,848,40092,38,0,111,3.103,0.189,15.840,73468.000,0.000,0.000,0,0,0,0,0,0,0,13377536,3041057189972117130
train,pad,06_pad_pad10,stable_dedup_off,1,1,1,1,1,896,44040,38,0,111,2.300,0.191,16.820,72012.000,0.000,0.000,0,0,0,0,0,0,0,13332480,3041057189972117130
train,pad,06_pad_pad10,stable_size_matched_capacity,1,1,1,1,1,848,40092,38,0,111,3.360,0.193,16.320,72040.000,0.000,0.000,0,0,0,0,0,0,0,13340672,3041057189972117130
train,pad,06_pad_pad10,hot_first_ready,1,1,1,1,1,848,47796,38,0,111,3.553,0.196,16.100,74194.000,0.000,0.000,0,0,0,0,0,0,0,13340672,3041057189972117130
train,pad,06_pad_pad10,local_field_order,1,1,1,1,1,848,40092,38,0,111,3.303,0.193,15.920,73048.000,0.000,0.000,0,0,0,0,0,0,0,13340672,3041057189972117130
train,pad,06_pad_pad10,generic_bounded_beam,1,1,1,1,1,848,73140,38,0,111,3.157,0.194,16.100,73958.000,7.297,7.000,4993024,304,3978,0,0,1152,0,13340672,3041057189972117130
train,pad,06_pad_pad10,fb_rcfdp_bounded,1,1,1,1,1,848,73140,38,0,111,3.437,0.194,16.120,74354.000,17.414,18.000,5185536,297,3978,23,23,1152,0,13340672,3041057189972117130
train,pad,07_pad_pad18,generated_pack_default,1,1,1,1,1,816,28020,38,0,0,2.583,0.196,16.320,74722.000,0.000,0.000,0,0,0,0,0,0,0,13369344,2504727982801225443
train,pad,07_pad_pad18,stable_legal_topo,1,1,1,1,1,832,39360,38,0,111,3.330,0.194,16.220,74558.000,0.000,0.000,0,0,0,0,0,0,0,13430784,2504727982801225443
train,pad,07_pad_pad18,stable_dedup_off,1,1,1,1,1,880,42612,38,0,111,2.250,0.195,17.000,72764.000,0.000,0.000,0,0,0,0,0,0,0,13398016,2504727982801225443
train,pad,07_pad_pad18,stable_size_matched_capacity,1,1,1,1,1,832,39360,38,0,111,3.343,0.195,17.080,73254.000,0.000,0.000,0,0,0,0,0,0,0,13352960,2504727982801225443
train,pad,07_pad_pad18,hot_first_ready,1,1,1,1,1,832,46960,38,0,111,3.330,0.195,16.080,74644.000,0.000,0.000,0,0,0,0,0,0,0,13365248,2504727982801225443
train,pad,07_pad_pad18,local_field_order,1,1,1,1,1,832,39360,38,0,111,3.373,0.194,16.180,72808.000,0.000,0.000,0,0,0,0,0,0,0,13365248,2504727982801225443
train,pad,07_pad_pad18,generic_bounded_beam,1,1,1,1,1,832,70972,38,0,111,3.160,0.193,16.080,73344.000,6.972,7.000,5005312,304,3978,0,0,1136,0,13365248,2504727982801225443
train,pad,07_pad_pad18,fb_rcfdp_bounded,1,1,1,1,1,832,70972,38,0,111,3.100,0.195,16.240,74590.000,17.381,18.000,5177344,297,3978,23,23,1136,0,13365248,2504727982801225443
train,add,08_add_add0,generated_pack_default,1,1,1,1,1,1288,38992,41,0,0,3.803,0.204,15.280,74728.000,0.000,0.000,0,0,0,0,0,0,0,13701120,4642472383079383666
train,add,08_add_add0,stable_legal_topo,1,1,1,1,1,1304,64424,41,0,115,3.967,0.202,15.180,75264.000,0.000,0.000,0,0,0,0,0,0,0,13778944,4642472383079383666
train,add,08_add_add0,stable_dedup_off,1,1,1,1,1,1360,68628,41,0,115,3.127,0.201,15.140,73490.000,0.000,0.000,0,0,0,0,0,0,0,13778944,4642472383079383666
train,add,08_add_add0,stable_size_matched_capacity,1,1,1,1,1,1304,64424,41,0,115,3.823,0.203,15.080,74642.000,0.000,0.000,0,0,0,0,0,0,0,13778944,4642472383079383666
train,add,08_add_add0,hot_first_ready,1,1,1,1,1,1304,64416,41,0,115,4.097,0.199,15.140,73298.000,0.000,0.000,0,0,0,0,0,0,0,13778944,4642472383079383666
train,add,08_add_add0,local_field_order,1,1,1,1,1,1304,64424,41,0,115,3.970,0.201,15.120,73098.000,0.000,0.000,0,0,0,0,0,0,0,13778944,4642472383079383666
train,add,08_add_add0,generic_bounded_beam,1,1,1,1,1,1328,132448,41,0,115,4.110,0.202,15.160,74154.000,9.695,10.000,5296128,328,4631,0,0,1656,0,13778944,4642472383079383666
train,add,08_add_add0,fb_rcfdp_bounded,1,1,1,1,1,1328,132664,41,0,115,3.983,0.203,15.300,72062.000,22.809,23.000,5685248,321,4609,31,31,1656,0,13778944,4642472383079383666
train,add,09_add_add1,generated_pack_default,1,1,1,1,1,1000,31752,41,0,0,3.353,0.203,15.220,72810.000,0.000,0.000,0,0,0,0,0,0,0,13348864,11311643723877767799
train,add,09_add_add1,stable_legal_topo,1,1,1,1,1,1016,50408,41,0,115,3.623,0.207,15.280,72096.000,0.000,0.000,0,0,0,0,0,0,0,13426688,11311643723877767799
train,add,09_add_add1,stable_dedup_off,1,1,1,1,1,1064,53916,41,0,115,2.777,0.206,15.340,72622.000,0.000,0.000,0,0,0,0,0,0,0,13398016,11311643723877767799
train,add,09_add_add1,stable_size_matched_capacity,1,1,1,1,1,1016,50408,41,0,115,3.577,0.201,15.140,72110.000,0.000,0.000,0,0,0,0,0,0,0,13418496,11311643723877767799
train,add,09_add_add1,hot_first_ready,1,1,1,1,1,1024,54688,41,0,115,3.573,0.201,15.220,72946.000,0.000,0.000,0,0,0,0,0,0,0,13426688,11311643723877767799
train,add,09_add_add1,local_field_order,1,1,1,1,1,1016,50408,41,0,115,3.570,0.200,15.760,72696.000,0.000,0.000,0,0,0,0,0,0,0,13426688,11311643723877767799
train,add,09_add_add1,generic_bounded_beam,1,1,1,1,1,1024,96580,41,0,115,3.463,0.201,15.140,72194.000,8.669,8.000,5107712,328,4607,0,0,1352,0,13426688,11311643723877767799
train,add,09_add_add1,fb_rcfdp_bounded,1,1,1,1,1,1024,96796,41,0,115,3.457,0.203,15.200,73080.000,21.576,22.000,5365760,321,4588,31,31,1352,0,13426688,11311643723877767799
train,add,10_add_add16,generated_pack_default,1,1,1,1,1,904,28616,41,0,0,2.740,0.205,15.360,74298.000,0.000,0.000,0,0,0,0,0,0,0,13250560,179450923079984598
train,add,10_add_add16,stable_legal_topo,1,1,1,1,1,928,45528,41,0,115,3.173,0.231,15.360,73504.000,0.000,0.000,0,0,0,0,0,0,0,13340672,179450923079984598
train,add,10_add_add16,stable_dedup_off,1,1,1,1,1,976,49036,41,0,115,2.413,0.200,15.100,72952.000,0.000,0.000,0,0,0,0,0,0,0,13320192,179450923079984598
train,add,10_add_add16,stable_size_matched_capacity,1,1,1,1,1,928,45528,41,0,115,3.243,0.200,15.040,72682.000,0.000,0.000,0,0,0,0,0,0,0,13336576,179450923079984598
train,add,10_add_add16,hot_first_ready,1,1,1,1,1,928,50656,41,0,115,3.380,0.201,15.100,71744.000,0.000,0.000,0,0,0,0,0,0,0,13336576,179450923079984598
train,add,10_add_add16,local_field_order,1,1,1,1,1,928,45528,41,0,115,3.303,0.199,15.920,73610.000,0.000,0.000,0,0,0,0,0,0,0,13336576,179450923079984598
train,add,10_add_add16,generic_bounded_beam,1,1,1,1,1,928,85156,41,0,115,3.263,0.201,15.220,71920.000,8.274,9.000,5042176,328,4607,0,0,1256,0,13336576,179450923079984598
train,add,10_add_add16,fb_rcfdp_bounded,1,1,1,1,1,928,85372,41,0,115,3.167,0.201,15.180,73558.000,20.817,21.000,5218304,321,4588,31,31,1256,0,13336576,179450923079984598
heldout,sub,11_sub_sub0,generated_pack_default,1,1,1,1,1,864,30096,41,0,0,2.627,0.204,15.100,78884.000,0.000,0.000,0,0,0,0,0,0,0,13422592,3227179252688498663
heldout,sub,11_sub_sub0,stable_legal_topo,1,1,1,1,1,872,44452,41,0,117,3.493,0.201,15.260,73304.000,0.000,0.000,0,0,0,0,0,0,0,13471744,3227179252688498663
heldout,sub,11_sub_sub0,stable_dedup_off,1,1,1,1,1,928,48656,41,0,117,2.380,0.200,14.760,72730.000,0.000,0.000,0,0,0,0,0,0,0,13479936,3227179252688498663
heldout,sub,11_sub_sub0,stable_size_matched_capacity,1,1,1,1,1,872,44452,41,0,117,3.373,0.201,15.040,71622.000,0.000,0.000,0,0,0,0,0,0,0,13426688,3227179252688498663
heldout,sub,11_sub_sub0,hot_first_ready,1,1,1,1,1,880,51584,41,0,117,3.543,0.201,14.960,71824.000,0.000,0.000,0,0,0,0,0,0,0,13426688,3227179252688498663
heldout,sub,11_sub_sub0,local_field_order,1,1,1,1,1,872,44452,41,0,117,3.497,0.199,15.060,72294.000,0.000,0.000,0,0,0,0,0,0,0,13426688,3227179252688498663
heldout,sub,11_sub_sub0,generic_bounded_beam,1,1,1,1,1,888,79260,41,0,117,3.393,0.201,14.940,71144.000,9.064,9.000,5066752,328,4855,0,0,1216,0,13426688,3227179252688498663
heldout,sub,11_sub_sub0,fb_rcfdp_bounded,1,1,1,1,1,888,78932,41,0,117,3.557,0.199,14.880,71114.000,22.449,22.000,5316608,321,4858,29,29,1216,0,13373440,3227179252688498663
heldout,sub,12_sub_sub4,generated_pack_default,1,1,1,1,1,864,30096,41,0,0,2.777,0.204,15.140,73026.000,0.000,0.000,0,0,0,0,0,0,0,13393920,13875922224478425032
heldout,sub,12_sub_sub4,stable_legal_topo,1,1,1,1,1,872,44452,41,0,117,3.320,0.202,15.040,73614.000,0.000,0.000,0,0,0,0,0,0,0,13463552,13875922224478425032
heldout,sub,12_sub_sub4,stable_dedup_off,1,1,1,1,1,928,48656,41,0,117,3.003,0.203,15.080,72038.000,0.000,0.000,0,0,0,0,0,0,0,13434880,13875922224478425032
heldout,sub,12_sub_sub4,stable_size_matched_capacity,1,1,1,1,1,872,44452,41,0,117,3.337,0.201,15.120,72634.000,0.000,0.000,0,0,0,0,0,0,0,13393920,13875922224478425032
heldout,sub,12_sub_sub4,hot_first_ready,1,1,1,1,1,880,51584,41,0,117,3.543,0.201,15.080,72044.000,0.000,0.000,0,0,0,0,0,0,0,13414400,13875922224478425032
heldout,sub,12_sub_sub4,local_field_order,1,1,1,1,1,872,44452,41,0,117,3.487,0.203,15.020,72442.000,0.000,0.000,0,0,0,0,0,0,0,13414400,13875922224478425032
heldout,sub,12_sub_sub4,generic_bounded_beam,1,1,1,1,1,888,79260,41,0,117,3.360,0.201,14.920,73504.000,8.484,9.000,5079040,328,4855,0,0,1216,0,13414400,13875922224478425032
heldout,sub,12_sub_sub4,fb_rcfdp_bounded,1,1,1,1,1,888,78932,41,0,117,3.450,0.203,14.960,72794.000,22.262,22.000,5226496,321,4858,29,29,1216,0,13414400,13875922224478425032
heldout,strided_slice,13_strided_slice_strided_slice0,generated_pack_default,1,1,1,1,1,1136,52036,50,0,0,2.990,0.258,16.400,76324.000,0.000,0.000,0,0,0,0,0,0,0,13787136,12703725449622278446
heldout,strided_slice,13_strided_slice_strided_slice0,stable_legal_topo,1,1,1,1,1,1152,66996,50,0,151,4.780,0.257,16.700,70850.000,0.000,0.000,0,0,0,0,0,0,0,13774848,12703725449622278446
heldout,strided_slice,13_strided_slice_strided_slice0,stable_dedup_off,1,1,1,1,1,1264,76304,50,0,151,3.133,0.256,16.420,71034.000,0.000,0.000,0,0,0,0,0,0,0,13774848,12703725449622278446
heldout,strided_slice,13_strided_slice_strided_slice0,stable_size_matched_capacity,1,1,1,1,1,1152,66996,50,0,151,4.327,0.257,16.400,73914.000,0.000,0.000,0,0,0,0,0,0,0,13774848,12703725449622278446
heldout,strided_slice,13_strided_slice_strided_slice0,hot_first_ready,1,1,1,1,1,1168,85300,50,0,151,4.573,0.254,16.320,72216.000,0.000,0.000,0,0,0,0,0,0,0,13717504,12703725449622278446
heldout,strided_slice,13_strided_slice_strided_slice0,local_field_order,1,1,1,1,1,1152,66996,50,0,151,4.430,0.257,16.460,71410.000,0.000,0.000,0,0,0,0,0,0,0,13729792,12703725449622278446
heldout,strided_slice,13_strided_slice_strided_slice0,generic_bounded_beam,1,1,1,1,1,1184,135004,50,0,151,4.263,0.255,16.420,70944.000,16.172,16.000,5644288,400,7404,0,0,1584,0,13729792,12703725449622278446
heldout,strided_slice,13_strided_slice_strided_slice0,fb_rcfdp_bounded,1,1,1,1,1,1184,135004,50,0,151,4.283,0.257,16.460,70750.000,41.014,41.000,5898240,393,7404,23,23,1584,0,13729792,12703725449622278446
heldout,strided_slice,14_strided_slice_strided_slice15,generated_pack_default,1,1,1,1,1,1248,56496,50,0,0,3.190,0.256,16.340,71546.000,0.000,0.000,0,0,0,0,0,0,0,13725696,11662840376245977390
heldout,strided_slice,14_strided_slice_strided_slice15,stable_legal_topo,1,1,1,1,1,1264,74324,50,0,151,4.387,0.259,16.440,72404.000,0.000,0.000,0,0,0,0,0,0,0,13787136,11662840376245977390
heldout,strided_slice,14_strided_slice_strided_slice15,stable_dedup_off,1,1,1,1,1,1376,83700,50,0,151,3.180,0.256,16.440,72038.000,0.000,0.000,0,0,0,0,0,0,0,13787136,11662840376245977390
heldout,strided_slice,14_strided_slice_strided_slice15,stable_size_matched_capacity,1,1,1,1,1,1264,74324,50,0,151,4.453,0.256,16.400,71038.000,0.000,0.000,0,0,0,0,0,0,0,13811712,11662840376245977390
heldout,strided_slice,14_strided_slice_strided_slice15,hot_first_ready,1,1,1,1,1,1264,90064,50,0,151,4.593,0.256,16.360,71158.000,0.000,0.000,0,0,0,0,0,0,0,13811712,11662840376245977390
heldout,strided_slice,14_strided_slice_strided_slice15,local_field_order,1,1,1,1,1,1264,74324,50,0,151,4.380,0.256,16.340,71540.000,0.000,0.000,0,0,0,0,0,0,0,13811712,11662840376245977390
heldout,strided_slice,14_strided_slice_strided_slice15,generic_bounded_beam,1,1,1,1,1,1296,150268,50,0,151,4.543,0.255,16.340,71840.000,16.791,17.000,5623808,400,7371,0,0,1696,0,13815808,11662840376245977390
heldout,strided_slice,14_strided_slice_strided_slice15,fb_rcfdp_bounded,1,1,1,1,1,1296,150268,50,0,151,4.423,0.256,16.420,72028.000,40.848,41.000,5980160,393,7371,25,25,1696,0,13766656,11662840376245977390
heldout,strided_slice,15_strided_slice_strided_slice33,generated_pack_default,1,1,1,1,1,1136,52036,50,0,0,3.003,0.257,17.380,76026.000,0.000,0.000,0,0,0,0,0,0,0,13787136,11430075486722334661
heldout,strided_slice,15_strided_slice_strided_slice33,stable_legal_topo,1,1,1,1,1,1152,66996,50,0,151,4.330,0.294,16.580,72406.000,0.000,0.000,0,0,0,0,0,0,0,13774848,11430075486722334661
heldout,strided_slice,15_strided_slice_strided_slice33,stable_dedup_off,1,1,1,1,1,1264,76372,50,0,151,3.003,0.256,16.380,71730.000,0.000,0.000,0,0,0,0,0,0,0,13774848,11430075486722334661
heldout,strided_slice,15_strided_slice_strided_slice33,stable_size_matched_capacity,1,1,1,1,1,1152,66996,50,0,151,4.383,0.256,16.320,71480.000,0.000,0.000,0,0,0,0,0,0,0,13774848,11430075486722334661
heldout,strided_slice,15_strided_slice_strided_slice33,hot_first_ready,1,1,1,1,1,1168,85300,50,0,151,4.543,0.254,16.580,72252.000,0.000,0.000,0,0,0,0,0,0,0,13717504,11430075486722334661
heldout,strided_slice,15_strided_slice_strided_slice33,local_field_order,1,1,1,1,1,1152,66996,50,0,151,4.437,0.255,16.320,71790.000,0.000,0.000,0,0,0,0,0,0,0,13729792,11430075486722334661
heldout,strided_slice,15_strided_slice_strided_slice33,generic_bounded_beam,1,1,1,1,1,1184,135004,50,0,151,4.393,0.258,16.500,72348.000,16.227,16.000,5644288,400,7404,0,0,1584,0,13729792,11430075486722334661
heldout,strided_slice,15_strided_slice_strided_slice33,fb_rcfdp_bounded,1,1,1,1,1,1184,135004,50,0,151,4.687,0.258,16.380,71826.000,40.228,40.000,5898240,393,7404,23,23,1584,0,13729792,11430075486722334661
heldout,conv,16_conv_conv0,generated_pack_default,1,1,1,1,1,2368,103060,50,0,0,3.447,0.243,16.580,74176.000,0.000,0.000,0,0,0,0,0,0,0,14004224,16734817698509843288
heldout,conv,16_conv_conv0,stable_legal_topo,1,1,1,1,1,2384,98464,50,0,144,5.910,0.249,17.840,73230.000,0.000,0.000,0,0,0,0,0,0,0,13950976,16734817698509843288
heldout,conv,16_conv_conv0,stable_dedup_off,1,1,1,1,1,2448,102392,50,0,144,4.373,0.243,17.640,72250.000,0.000,0.000,0,0,0,0,0,0,0,13950976,16734817698509843288
heldout,conv,16_conv_conv0,stable_size_matched_capacity,1,1,1,1,1,2384,98464,50,0,144,5.590,0.241,16.480,73872.000,0.000,0.000,0,0,0,0,0,0,0,13950976,16734817698509843288
heldout,conv,16_conv_conv0,hot_first_ready,1,1,1,1,1,2400,150208,50,0,144,6.470,0.244,16.480,73792.000,0.000,0.000,0,0,0,0,0,0,0,13959168,16734817698509843288
heldout,conv,16_conv_conv0,local_field_order,1,1,1,1,1,2384,98464,50,0,144,6.153,0.245,16.620,73812.000,0.000,0.000,0,0,0,0,0,0,0,13959168,16734817698509843288
heldout,conv,16_conv_conv0,generic_bounded_beam,1,1,1,1,1,2416,309476,50,0,144,5.833,0.244,16.600,72818.000,22.022,22.000,6221824,400,7551,0,0,2816,0,13959168,16734817698509843288
heldout,conv,16_conv_conv0,fb_rcfdp_bounded,1,1,1,1,1,2416,309476,50,0,144,6.783,0.244,16.460,72392.000,46.176,46.000,6508544,393,7556,130,130,2816,0,13889536,16734817698509843288
heldout,conv,17_conv_conv1,generated_pack_default,1,1,1,1,1,2192,96452,50,0,0,3.300,0.244,18.800,74284.000,0.000,0.000,0,0,0,0,0,0,0,14114816,2543187655293313801
heldout,conv,17_conv_conv1,stable_legal_topo,1,1,1,1,1,2208,100348,50,0,144,5.460,0.272,16.520,74522.000,0.000,0.000,0,0,0,0,0,0,0,14172160,2543187655293313801
heldout,conv,17_conv_conv1,stable_dedup_off,1,1,1,1,1,2272,104716,50,0,144,4.193,0.244,17.580,73148.000,0.000,0.000,0,0,0,0,0,0,0,14176256,2543187655293313801
heldout,conv,17_conv_conv1,stable_size_matched_capacity,1,1,1,1,1,2208,100348,50,0,144,5.533,0.249,16.680,72530.000,0.000,0.000,0,0,0,0,0,0,0,14180352,2543187655293313801
heldout,conv,17_conv_conv1,hot_first_ready,1,1,1,1,1,2208,142480,50,0,144,5.937,0.242,16.460,74272.000,0.000,0.000,0,0,0,0,0,0,0,14184448,2543187655293313801
heldout,conv,17_conv_conv1,local_field_order,1,1,1,1,1,2208,100348,50,0,144,6.120,0.244,16.340,72274.000,0.000,0.000,0,0,0,0,0,0,0,14192640,2543187655293313801
heldout,conv,17_conv_conv1,generic_bounded_beam,1,1,1,1,1,2240,280480,50,0,144,5.777,0.242,16.360,72706.000,20.745,20.000,6135808,400,7579,0,0,2640,0,14192640,2543187655293313801
heldout,conv,17_conv_conv1,fb_rcfdp_bounded,1,1,1,1,1,2240,280480,50,0,144,5.683,0.251,16.540,70584.000,45.430,45.000,6381568,393,7579,134,134,2640,0,14073856,2543187655293313801
heldout,conv,18_conv_conv2,generated_pack_default,1,1,1,1,1,3488,150424,50,0,0,3.777,0.241,16.300,71564.000,0.000,0.000,0,0,0,0,0,0,0,14356480,11796727135231356218
heldout,conv,18_conv_conv2,stable_legal_topo,1,1,1,1,1,3504,122116,50,0,144,7.200,0.241,16.260,72040.000,0.000,0.000,0,0,0,0,0,0,0,14413824,11796727135231356218
heldout,conv,18_conv_conv2,stable_dedup_off,1,1,1,1,1,3568,126044,50,0,144,5.420,0.239,16.040,72106.000,0.000,0.000,0,0,0,0,0,0,0,14413824,11796727135231356218
heldout,conv,18_conv_conv2,stable_size_matched_capacity,1,1,1,1,1,3504,122116,50,0,144,6.600,0.239,16.140,71166.000,0.000,0.000,0,0,0,0,0,0,0,14417920,11796727135231356218
heldout,conv,18_conv_conv2,hot_first_ready,1,1,1,1,1,3520,214100,50,0,144,7.570,0.242,16.360,72448.000,0.000,0.000,0,0,0,0,0,0,0,14422016,11796727135231356218
heldout,conv,18_conv_conv2,local_field_order,1,1,1,1,1,3504,122116,50,0,144,7.260,0.241,16.780,72140.000,0.000,0.000,0,0,0,0,0,0,0,14450688,11796727135231356218
heldout,conv,18_conv_conv2,generic_bounded_beam,1,1,1,1,1,3536,478620,50,0,144,6.990,0.244,17.740,72700.000,27.834,28.000,6369280,400,7483,0,0,3936,0,14282752,11796727135231356218
heldout,conv,18_conv_conv2,fb_rcfdp_bounded,1,1,1,1,1,3536,478620,50,0,144,6.627,0.239,16.180,71658.000,53.990,54.000,7028736,393,7483,37,37,3936,0,14319616,11796727135231356218
heldout,conv,19_conv_conv20,generated_pack_default,1,1,1,1,1,1600,71120,50,0,0,3.267,0.242,16.180,72662.000,0.000,0.000,0,0,0,0,0,0,0,14024704,65810539343067998
heldout,conv,19_conv_conv20,stable_legal_topo,1,1,1,1,1,1632,89200,50,0,145,4.770,0.239,16.220,70860.000,0.000,0.000,0,0,0,0,0,0,0,14077952,65810539343067998
heldout,conv,19_conv_conv20,stable_dedup_off,1,1,1,1,1,1728,96280,50,0,145,3.440,0.239,16.200,71510.000,0.000,0.000,0,0,0,0,0,0,0,14077952,65810539343067998
heldout,conv,19_conv_conv20,stable_size_matched_capacity,1,1,1,1,1,1632,89200,50,0,145,4.837,0.241,16.080,70378.000,0.000,0.000,0,0,0,0,0,0,0,14077952,65810539343067998
heldout,conv,19_conv_conv20,hot_first_ready,1,1,1,1,1,1632,115276,50,0,145,5.130,0.241,16.200,71566.000,0.000,0.000,0,0,0,0,0,0,0,14077952,65810539343067998
heldout,conv,19_conv_conv20,local_field_order,1,1,1,1,1,1632,89200,50,0,145,5.013,0.241,16.040,71076.000,0.000,0.000,0,0,0,0,0,0,0,14077952,65810539343067998
heldout,conv,19_conv_conv20,generic_bounded_beam,1,1,1,1,1,1664,193588,50,0,145,4.893,0.239,16.160,71334.000,18.312,18.000,5939200,400,7521,0,0,2064,0,14077952,65810539343067998
heldout,conv,19_conv_conv20,fb_rcfdp_bounded,1,1,1,1,1,1664,193588,50,0,145,4.823,0.239,16.120,71414.000,42.658,43.000,6111232,393,7518,50,50,2064,0,14077952,65810539343067998
heldout,conv,20_conv_conv21,generated_pack_default,1,1,1,1,1,2032,86152,50,0,0,3.300,0.294,18.460,73044.000,0.000,0.000,0,0,0,0,0,0,0,14036992,13643688584383772517
heldout,conv,20_conv_conv21,stable_legal_topo,1,1,1,1,1,2048,76392,50,0,145,7.417,0.244,16.460,72728.000,0.000,0.000,0,0,0,0,0,0,0,13979648,13643688584383772517
heldout,conv,20_conv_conv21,stable_dedup_off,1,1,1,1,1,2144,83032,50,0,145,3.970,0.241,16.580,72648.000,0.000,0.000,0,0,0,0,0,0,0,13996032,13643688584383772517
heldout,conv,20_conv_conv21,stable_size_matched_capacity,1,1,1,1,1,2048,76392,50,0,145,6.890,0.284,16.500,71214.000,0.000,0.000,0,0,0,0,0,0,0,13996032,13643688584383772517
heldout,conv,20_conv_conv21,hot_first_ready,1,1,1,1,1,2064,121060,50,0,145,5.490,0.239,16.200,71188.000,0.000,0.000,0,0,0,0,0,0,0,13996032,13643688584383772517
heldout,conv,20_conv_conv21,local_field_order,1,1,1,1,1,2048,76392,50,0,145,5.400,0.241,16.220,71100.000,0.000,0.000,0,0,0,0,0,0,0,13864960,13643688584383772517
heldout,conv,20_conv_conv21,generic_bounded_beam,1,1,1,1,1,2080,265500,50,0,145,6.087,0.261,16.200,71596.000,18.167,18.000,5836800,400,7541,0,0,2480,0,13942784,13643688584383772517
heldout,conv,20_conv_conv21,fb_rcfdp_bounded,1,1,1,1,1,2080,265500,50,0,145,5.310,0.239,16.080,71214.000,43.683,44.000,6197248,393,7541,23,23,2480,0,13942784,13643688584383772517
heldout,transpose_conv,21_transpose_conv_transpose_conv4,generated_pack_default,1,1,1,1,1,3248,150288,55,0,0,3.777,0.268,16.080,72150.000,0.000,0.000,0,0,0,0,0,0,0,14684160,8224305740907435918
heldout,transpose_conv,21_transpose_conv_transpose_conv4,stable_legal_topo,1,1,1,1,1,3264,120288,55,0,160,6.580,0.266,15.960,71642.000,0.000,0.000,0,0,0,0,0,0,0,14733312,8224305740907435918
heldout,transpose_conv,21_transpose_conv_transpose_conv4,stable_dedup_off,1,1,1,1,1,3344,127468,55,0,160,5.150,0.266,15.800,71060.000,0.000,0.000,0,0,0,0,0,0,0,14372864,8224305740907435918
heldout,transpose_conv,21_transpose_conv_transpose_conv4,stable_size_matched_capacity,1,1,1,1,1,3264,120288,55,0,160,6.780,0.266,15.840,69604.000,0.000,0.000,0,0,0,0,0,0,0,14356480,8224305740907435918
heldout,transpose_conv,21_transpose_conv_transpose_conv4,hot_first_ready,1,1,1,1,1,3264,210652,55,0,160,7.043,0.265,15.780,71466.000,0.000,0.000,0,0,0,0,0,0,0,14372864,8224305740907435918
heldout,transpose_conv,21_transpose_conv_transpose_conv4,local_field_order,1,1,1,1,1,3264,120288,55,0,160,6.830,0.267,15.840,70396.000,0.000,0.000,0,0,0,0,0,0,0,14372864,8224305740907435918
heldout,transpose_conv,21_transpose_conv_transpose_conv4,generic_bounded_beam,1,1,1,1,1,3296,498828,55,0,160,6.830,0.293,15.940,69948.000,29.502,29.000,6701056,440,9437,0,0,3736,0,14372864,8224305740907435918
heldout,transpose_conv,21_transpose_conv_transpose_conv4,fb_rcfdp_bounded,1,1,1,1,1,3296,498828,55,0,160,6.753,0.292,16.700,71280.000,64.546,65.000,8175616,433,9439,44,44,3736,0,14159872,8224305740907435918
heldout,hello_world,22_hello_world_hello_world_int8,generated_pack_default,1,1,1,1,1,2704,197960,123,0,0,7.460,0.575,16.320,71418.000,0.000,0.000,0,0,0,0,0,0,0,13627392,7036368475164312959
heldout,hello_world,22_hello_world_hello_world_int8,stable_legal_topo,1,1,1,1,1,2720,215192,123,0,354,10.503,0.575,16.420,71244.000,0.000,0.000,0,0,0,0,0,0,0,13631488,7036368475164312959
heldout,hello_world,22_hello_world_hello_world_int8,stable_dedup_off,1,1,1,1,1,3152,261612,123,0,354,7.260,0.603,16.380,74362.000,0.000,0.000,0,0,0,0,0,0,0,13688832,7036368475164312959
heldout,hello_world,22_hello_world_hello_world_int8,stable_size_matched_capacity,1,1,1,1,1,2720,215192,123,0,354,9.900,0.579,17.440,72298.000,0.000,0.000,0,0,0,0,0,0,0,13631488,7036368475164312959
heldout,hello_world,22_hello_world_hello_world_int8,hot_first_ready,1,1,1,1,1,2736,380352,123,0,354,10.867,0.574,16.280,70384.000,0.000,0.000,0,0,0,0,0,0,0,13611008,7036368475164312959
heldout,hello_world,22_hello_world_hello_world_int8,local_field_order,1,1,1,1,1,2704,215032,123,0,354,10.123,0.574,16.400,71454.000,0.000,0.000,0,0,0,0,0,0,0,13672448,7036368475164312959
heldout,hello_world,22_hello_world_hello_world_int8,generic_bounded_beam,1,1,1,1,1,2720,215192,123,0,354,10.103,0.577,16.360,71330.000,35.142,35.000,5709824,344,20001,0,0,740,1,13623296,7036368475164312959
heldout,hello_world,22_hello_world_hello_world_int8,fb_rcfdp_bounded,1,1,1,1,1,2720,215192,123,0,354,9.877,0.577,16.400,71630.000,114.087,114.000,6000640,344,20001,0,0,740,1,13676544,7036368475164312959
heldout,hello_world,23_hello_world_hello_world_float,generated_pack_default,1,1,1,1,1,3232,212472,103,0,0,6.600,0.523,15.980,72926.000,0.000,0.000,0,0,0,0,0,0,0,13996032,3830734122163917585
heldout,hello_world,23_hello_world_hello_world_float,stable_legal_topo,1,1,1,1,1,3216,178152,103,0,303,8.937,0.514,15.780,71774.000,0.000,0.000,0,0,0,0,0,0,0,14045184,3830734122163917585
heldout,hello_world,23_hello_world_hello_world_float,stable_dedup_off,1,1,1,1,1,3584,215228,103,0,303,6.803,0.528,16.500,72610.000,0.000,0.000,0,0,0,0,0,0,0,14049280,3830734122163917585
heldout,hello_world,23_hello_world_hello_world_float,stable_size_matched_capacity,1,1,1,1,1,3216,178152,103,0,303,8.730,0.523,16.060,73388.000,0.000,0.000,0,0,0,0,0,0,0,14049280,3830734122163917585
heldout,hello_world,23_hello_world_hello_world_float,hot_first_ready,1,1,1,1,1,3216,350316,103,0,303,9.890,0.540,15.900,72410.000,0.000,0.000,0,0,0,0,0,0,0,14049280,3830734122163917585
heldout,hello_world,23_hello_world_hello_world_float,local_field_order,1,1,1,1,1,3200,177992,103,0,303,9.650,0.552,16.080,73482.000,0.000,0.000,0,0,0,0,0,0,0,14049280,3830734122163917585
heldout,hello_world,23_hello_world_hello_world_float,generic_bounded_beam,1,1,1,1,1,3216,178152,103,0,303,8.597,0.544,16.100,74828.000,42.823,42.000,6197248,448,20001,0,0,1176,1,14053376,3830734122163917585
heldout,hello_world,23_hello_world_hello_world_float,fb_rcfdp_bounded,1,1,1,1,1,3216,178152,103,0,303,8.927,0.517,15.840,72396.000,127.299,127.000,6791168,448,20001,0,0,1176,1,14053376,3830734122163917585
