origin_model	request_ordinal	seed
00_quantize_quantize0	0	0
00_quantize_quantize0	1	1
00_quantize_quantize0	2	2
00_quantize_quantize0	3	3
00_quantize_quantize0	4	4
00_quantize_quantize0	5	5
00_quantize_quantize0	6	6
00_quantize_quantize0	7	7
00_quantize_quantize0	8	8
00_quantize_quantize0	9	9
00_quantize_quantize0	10	10
00_quantize_quantize0	11	11
00_quantize_quantize0	12	12
00_quantize_quantize0	13	13
00_quantize_quantize0	14	14
00_quantize_quantize0	15	15
00_quantize_quantize0	16	16
00_quantize_quantize0	17	17
00_quantize_quantize0	18	18
00_quantize_quantize0	19	19
00_quantize_quantize0	20	20
00_quantize_quantize0	21	21
00_quantize_quantize0	22	22
00_quantize_quantize0	23	23
00_quantize_quantize0	24	24
00_quantize_quantize0	25	25
00_quantize_quantize0	26	26
00_quantize_quantize0	27	27
00_quantize_quantize0	28	28
00_quantize_quantize0	29	29
00_quantize_quantize0	30	30
00_quantize_quantize0	31	31
00_quantize_quantize0	32	32
00_quantize_quantize0	33	33
00_quantize_quantize0	34	34
00_quantize_quantize0	35	35
00_quantize_quantize0	36	36
00_quantize_quantize0	37	37
00_quantize_quantize0	38	38
00_quantize_quantize0	39	39
00_quantize_quantize0	40	40
00_quantize_quantize0	41	41
00_quantize_quantize0	42	42
00_quantize_quantize0	43	43
00_quantize_quantize0	44	44
00_quantize_quantize0	45	45
00_quantize_quantize0	46	46
00_quantize_quantize0	47	47
00_quantize_quantize0	48	48
00_quantize_quantize0	49	49
00_quantize_quantize0	50	50
00_quantize_quantize0	51	51
00_quantize_quantize0	52	52
00_quantize_quantize0	53	53
00_quantize_quantize0	54	54
00_quantize_quantize0	55	55
00_quantize_quantize0	56	56
00_quantize_quantize0	57	57
00_quantize_quantize0	58	58
00_quantize_quantize0	59	59
00_quantize_quantize0	60	60
00_quantize_quantize0	61	61
00_quantize_quantize0	62	62
00_quantize_quantize0	63	63
01_quantize_quantize1	0	0
01_quantize_quantize1	1	1
01_quantize_quantize1	2	2
01_quantize_quantize1	3	3
01_quantize_quantize1	4	4
01_quantize_quantize1	5	5
01_quantize_quantize1	6	6
01_quantize_quantize1	7	7
01_quantize_quantize1	8	8
01_quantize_quantize1	9	9
01_quantize_quantize1	10	10
01_quantize_quantize1	11	11
01_quantize_quantize1	12	12
01_quantize_quantize1	13	13
01_quantize_quantize1	14	14
01_quantize_quantize1	15	15
01_quantize_quantize1	16	16
01_quantize_quantize1	17	17
01_quantize_quantize1	18	18
01_quantize_quantize1	19	19
01_quantize_quantize1	20	20
01_quantize_quantize1	21	21
01_quantize_quantize1	22	22
01_quantize_quantize1	23	23
01_quantize_quantize1	24	24
01_quantize_quantize1	25	25
01_quantize_quantize1	26	26
01_quantize_quantize1	27	27
01_quantize_quantize1	28	28
01_quantize_quantize1	29	29
01_quantize_quantize1	30	30
01_quantize_quantize1	31	31
01_quantize_quantize1	32	32
01_quantize_quantize1	33	33
01_quantize_quantize1	34	34
01_quantize_quantize1	35	35
01_quantize_quantize1	36	36
01_quantize_quantize1	37	37
01_quantize_quantize1	38	38
01_quantize_quantize1	39	39
01_quantize_quantize1	40	40
01_quantize_quantize1	41	41
01_quantize_quantize1	42	42
01_quantize_quantize1	43	43
01_quantize_quantize1	44	44
01_quantize_quantize1	45	45
01_quantize_quantize1	46	46
01_quantize_quantize1	47	47
01_quantize_quantize1	48	48
01_quantize_quantize1	49	49
01_quantize_quantize1	50	50
01_quantize_quantize1	51	51
01_quantize_quantize1	52	52
01_quantize_quantize1	53	53
01_quantize_quantize1	54	54
01_quantize_quantize1	55	55
01_quantize_quantize1	56	56
01_quantize_quantize1	57	57
01_quantize_quantize1	58	58
01_quantize_quantize1	59	59
01_quantize_quantize1	60	60
01_quantize_quantize1	61	61
01_quantize_quantize1	62	62
01_quantize_quantize1	63	63
02_leaky_relu_leaky_relu0	0	0
02_leaky_relu_leaky_relu0	1	1
02_leaky_relu_leaky_relu0	2	2
02_leaky_relu_leaky_relu0	3	3
02_leaky_relu_leaky_relu0	4	4
02_leaky_relu_leaky_relu0	5	5
02_leaky_relu_leaky_relu0	6	6
02_leaky_relu_leaky_relu0	7	7
02_leaky_relu_leaky_relu0	8	8
02_leaky_relu_leaky_relu0	9	9
02_leaky_relu_leaky_relu0	10	10
02_leaky_relu_leaky_relu0	11	11
02_leaky_relu_leaky_relu0	12	12
02_leaky_relu_leaky_relu0	13	13
02_leaky_relu_leaky_relu0	14	14
02_leaky_relu_leaky_relu0	15	15
02_leaky_relu_leaky_relu0	16	16
02_leaky_relu_leaky_relu0	17	17
02_leaky_relu_leaky_relu0	18	18
02_leaky_relu_leaky_relu0	19	19
02_leaky_relu_leaky_relu0	20	20
02_leaky_relu_leaky_relu0	21	21
02_leaky_relu_leaky_relu0	22	22
02_leaky_relu_leaky_relu0	23	23
02_leaky_relu_leaky_relu0	24	24
02_leaky_relu_leaky_relu0	25	25
02_leaky_relu_leaky_relu0	26	26
02_leaky_relu_leaky_relu0	27	27
02_leaky_relu_leaky_relu0	28	28
02_leaky_relu_leaky_relu0	29	29
02_leaky_relu_leaky_relu0	30	30
02_leaky_relu_leaky_relu0	31	31
02_leaky_relu_leaky_relu0	32	32
02_leaky_relu_leaky_relu0	33	33
02_leaky_relu_leaky_relu0	34	34
02_leaky_relu_leaky_relu0	35	35
02_leaky_relu_leaky_relu0	36	36
02_leaky_relu_leaky_relu0	37	37
02_leaky_relu_leaky_relu0	38	38
02_leaky_relu_leaky_relu0	39	39
02_leaky_relu_leaky_relu0	40	40
02_leaky_relu_leaky_relu0	41	41
02_leaky_relu_leaky_relu0	42	42
02_leaky_relu_leaky_relu0	43	43
02_leaky_relu_leaky_relu0	44	44
02_leaky_relu_leaky_relu0	45	45
02_leaky_relu_leaky_relu0	46	46
02_leaky_relu_leaky_relu0	47	47
02_leaky_relu_leaky_relu0	48	48
02_leaky_relu_leaky_relu0	49	49
02_leaky_relu_leaky_relu0	50	50
02_leaky_relu_leaky_relu0	51	51
02_leaky_relu_leaky_relu0	52	52
02_leaky_relu_leaky_relu0	53	53
02_leaky_relu_leaky_relu0	54	54
02_leaky_relu_leaky_relu0	55	55
02_leaky_relu_leaky_relu0	56	56
02_leaky_relu_leaky_relu0	57	57
02_leaky_relu_leaky_relu0	58	58
02_leaky_relu_leaky_relu0	59	59
02_leaky_relu_leaky_relu0	60	60
02_leaky_relu_leaky_relu0	61	61
02_leaky_relu_leaky_relu0	62	62
02_leaky_relu_leaky_relu0	63	63
03_leaky_relu_leaky_relu12	0	0
03_leaky_relu_leaky_relu12	1	1
03_leaky_relu_leaky_relu12	2	2
03_leaky_relu_leaky_relu12	3	3
03_leaky_relu_leaky_relu12	4	4
03_leaky_relu_leaky_relu12	5	5
03_leaky_relu_leaky_relu12	6	6
03_leaky_relu_leaky_relu12	7	7
03_leaky_relu_leaky_relu12	8	8
03_leaky_relu_leaky_relu12	9	9
03_leaky_relu_leaky_relu12	10	10
03_leaky_relu_leaky_relu12	11	11
03_leaky_relu_leaky_relu12	12	12
03_leaky_relu_leaky_relu12	13	13
03_leaky_relu_leaky_relu12	14	14
03_leaky_relu_leaky_relu12	15	15
03_leaky_relu_leaky_relu12	16	16
03_leaky_relu_leaky_relu12	17	17
03_leaky_relu_leaky_relu12	18	18
03_leaky_relu_leaky_relu12	19	19
03_leaky_relu_leaky_relu12	20	20
03_leaky_relu_leaky_relu12	21	21
03_leaky_relu_leaky_relu12	22	22
03_leaky_relu_leaky_relu12	23	23
03_leaky_relu_leaky_relu12	24	24
03_leaky_relu_leaky_relu12	25	25
03_leaky_relu_leaky_relu12	26	26
03_leaky_relu_leaky_relu12	27	27
03_leaky_relu_leaky_relu12	28	28
03_leaky_relu_leaky_relu12	29	29
03_leaky_relu_leaky_relu12	30	30
03_leaky_relu_leaky_relu12	31	31
03_leaky_relu_leaky_relu12	32	32
03_leaky_relu_leaky_relu12	33	33
03_leaky_relu_leaky_relu12	34	34
03_leaky_relu_leaky_relu12	35	35
03_leaky_relu_leaky_relu12	36	36
03_leaky_relu_leaky_relu12	37	37
03_leaky_relu_leaky_relu12	38	38
03_leaky_relu_leaky_relu12	39	39
03_leaky_relu_leaky_relu12	40	40
03_leaky_relu_leaky_relu12	41	41
03_leaky_relu_leaky_relu12	42	42
03_leaky_relu_leaky_relu12	43	43
03_leaky_relu_leaky_relu12	44	44
03_leaky_relu_leaky_relu12	45	45
03_leaky_relu_leaky_relu12	46	46
03_leaky_relu_leaky_relu12	47	47
03_leaky_relu_leaky_relu12	48	48
03_leaky_relu_leaky_relu12	49	49
03_leaky_relu_leaky_relu12	50	50
03_leaky_relu_leaky_relu12	51	51
03_leaky_relu_leaky_relu12	52	52
03_leaky_relu_leaky_relu12	53	53
03_leaky_relu_leaky_relu12	54	54
03_leaky_relu_leaky_relu12	55	55
03_leaky_relu_leaky_relu12	56	56
03_leaky_relu_leaky_relu12	57	57
03_leaky_relu_leaky_relu12	58	58
03_leaky_relu_leaky_relu12	59	59
03_leaky_relu_leaky_relu12	60	60
03_leaky_relu_leaky_relu12	61	61
03_leaky_relu_leaky_relu12	62	62
03_leaky_relu_leaky_relu12	63	63
04_leaky_relu_leaky_relu22	0	0
04_leaky_relu_leaky_relu22	1	1
04_leaky_relu_leaky_relu22	2	2
04_leaky_relu_leaky_relu22	3	3
04_leaky_relu_leaky_relu22	4	4
04_leaky_relu_leaky_relu22	5	5
04_leaky_relu_leaky_relu22	6	6
04_leaky_relu_leaky_relu22	7	7
04_leaky_relu_leaky_relu22	8	8
04_leaky_relu_leaky_relu22	9	9
04_leaky_relu_leaky_relu22	10	10
04_leaky_relu_leaky_relu22	11	11
04_leaky_relu_leaky_relu22	12	12
04_leaky_relu_leaky_relu22	13	13
04_leaky_relu_leaky_relu22	14	14
04_leaky_relu_leaky_relu22	15	15
04_leaky_relu_leaky_relu22	16	16
04_leaky_relu_leaky_relu22	17	17
04_leaky_relu_leaky_relu22	18	18
04_leaky_relu_leaky_relu22	19	19
04_leaky_relu_leaky_relu22	20	20
04_leaky_relu_leaky_relu22	21	21
04_leaky_relu_leaky_relu22	22	22
04_leaky_relu_leaky_relu22	23	23
04_leaky_relu_leaky_relu22	24	24
04_leaky_relu_leaky_relu22	25	25
04_leaky_relu_leaky_relu22	26	26
04_leaky_relu_leaky_relu22	27	27
04_leaky_relu_leaky_relu22	28	28
04_leaky_relu_leaky_relu22	29	29
04_leaky_relu_leaky_relu22	30	30
04_leaky_relu_leaky_relu22	31	31
04_leaky_relu_leaky_relu22	32	32
04_leaky_relu_leaky_relu22	33	33
04_leaky_relu_leaky_relu22	34	34
04_leaky_relu_leaky_relu22	35	35
04_leaky_relu_leaky_relu22	36	36
04_leaky_relu_leaky_relu22	37	37
04_leaky_relu_leaky_relu22	38	38
04_leaky_relu_leaky_relu22	39	39
04_leaky_relu_leaky_relu22	40	40
04_leaky_relu_leaky_relu22	41	41
04_leaky_relu_leaky_relu22	42	42
04_leaky_relu_leaky_relu22	43	43
04_leaky_relu_leaky_relu22	44	44
04_leaky_relu_leaky_relu22	45	45
04_leaky_relu_leaky_relu22	46	46
04_leaky_relu_leaky_relu22	47	47
04_leaky_relu_leaky_relu22	48	48
04_leaky_relu_leaky_relu22	49	49
04_leaky_relu_leaky_relu22	50	50
04_leaky_relu_leaky_relu22	51	51
04_leaky_relu_leaky_relu22	52	52
04_leaky_relu_leaky_relu22	53	53
04_leaky_relu_leaky_relu22	54	54
04_leaky_relu_leaky_relu22	55	55
04_leaky_relu_leaky_relu22	56	56
04_leaky_relu_leaky_relu22	57	57
04_leaky_relu_leaky_relu22	58	58
04_leaky_relu_leaky_relu22	59	59
04_leaky_relu_leaky_relu22	60	60
04_leaky_relu_leaky_relu22	61	61
04_leaky_relu_leaky_relu22	62	62
04_leaky_relu_leaky_relu22	63	63
05_pad_pad0	0	0
05_pad_pad0	1	1
05_pad_pad0	2	2
05_pad_pad0	3	3
05_pad_pad0	4	4
05_pad_pad0	5	5
05_pad_pad0	6	6
05_pad_pad0	7	7
05_pad_pad0	8	8
05_pad_pad0	9	9
05_pad_pad0	10	10
05_pad_pad0	11	11
05_pad_pad0	12	12
05_pad_pad0	13	13
05_pad_pad0	14	14
05_pad_pad0	15	15
05_pad_pad0	16	16
05_pad_pad0	17	17
05_pad_pad0	18	18
05_pad_pad0	19	19
05_pad_pad0	20	20
05_pad_pad0	21	21
05_pad_pad0	22	22
05_pad_pad0	23	23
05_pad_pad0	24	24
05_pad_pad0	25	25
05_pad_pad0	26	26
05_pad_pad0	27	27
05_pad_pad0	28	28
05_pad_pad0	29	29
05_pad_pad0	30	30
05_pad_pad0	31	31
05_pad_pad0	32	32
05_pad_pad0	33	33
05_pad_pad0	34	34
05_pad_pad0	35	35
05_pad_pad0	36	36
05_pad_pad0	37	37
05_pad_pad0	38	38
05_pad_pad0	39	39
05_pad_pad0	40	40
05_pad_pad0	41	41
05_pad_pad0	42	42
05_pad_pad0	43	43
05_pad_pad0	44	44
05_pad_pad0	45	45
05_pad_pad0	46	46
05_pad_pad0	47	47
05_pad_pad0	48	48
05_pad_pad0	49	49
05_pad_pad0	50	50
05_pad_pad0	51	51
05_pad_pad0	52	52
05_pad_pad0	53	53
05_pad_pad0	54	54
05_pad_pad0	55	55
05_pad_pad0	56	56
05_pad_pad0	57	57
05_pad_pad0	58	58
05_pad_pad0	59	59
05_pad_pad0	60	60
05_pad_pad0	61	61
05_pad_pad0	62	62
05_pad_pad0	63	63
06_pad_pad10	0	0
06_pad_pad10	1	1
06_pad_pad10	2	2
06_pad_pad10	3	3
06_pad_pad10	4	4
06_pad_pad10	5	5
06_pad_pad10	6	6
06_pad_pad10	7	7
06_pad_pad10	8	8
06_pad_pad10	9	9
06_pad_pad10	10	10
06_pad_pad10	11	11
06_pad_pad10	12	12
06_pad_pad10	13	13
06_pad_pad10	14	14
06_pad_pad10	15	15
06_pad_pad10	16	16
06_pad_pad10	17	17
06_pad_pad10	18	18
06_pad_pad10	19	19
06_pad_pad10	20	20
06_pad_pad10	21	21
06_pad_pad10	22	22
06_pad_pad10	23	23
06_pad_pad10	24	24
06_pad_pad10	25	25
06_pad_pad10	26	26
06_pad_pad10	27	27
06_pad_pad10	28	28
06_pad_pad10	29	29
06_pad_pad10	30	30
06_pad_pad10	31	31
06_pad_pad10	32	32
06_pad_pad10	33	33
06_pad_pad10	34	34
06_pad_pad10	35	35
06_pad_pad10	36	36
06_pad_pad10	37	37
06_pad_pad10	38	38
06_pad_pad10	39	39
06_pad_pad10	40	40
06_pad_pad10	41	41
06_pad_pad10	42	42
06_pad_pad10	43	43
06_pad_pad10	44	44
06_pad_pad10	45	45
06_pad_pad10	46	46
06_pad_pad10	47	47
06_pad_pad10	48	48
06_pad_pad10	49	49
06_pad_pad10	50	50
06_pad_pad10	51	51
06_pad_pad10	52	52
06_pad_pad10	53	53
06_pad_pad10	54	54
06_pad_pad10	55	55
06_pad_pad10	56	56
06_pad_pad10	57	57
06_pad_pad10	58	58
06_pad_pad10	59	59
06_pad_pad10	60	60
06_pad_pad10	61	61
06_pad_pad10	62	62
06_pad_pad10	63	63
07_pad_pad18	0	0
07_pad_pad18	1	1
07_pad_pad18	2	2
07_pad_pad18	3	3
07_pad_pad18	4	4
07_pad_pad18	5	5
07_pad_pad18	6	6
07_pad_pad18	7	7
07_pad_pad18	8	8
07_pad_pad18	9	9
07_pad_pad18	10	10
07_pad_pad18	11	11
07_pad_pad18	12	12
07_pad_pad18	13	13
07_pad_pad18	14	14
07_pad_pad18	15	15
07_pad_pad18	16	16
07_pad_pad18	17	17
07_pad_pad18	18	18
07_pad_pad18	19	19
07_pad_pad18	20	20
07_pad_pad18	21	21
07_pad_pad18	22	22
07_pad_pad18	23	23
07_pad_pad18	24	24
07_pad_pad18	25	25
07_pad_pad18	26	26
07_pad_pad18	27	27
07_pad_pad18	28	28
07_pad_pad18	29	29
07_pad_pad18	30	30
07_pad_pad18	31	31
07_pad_pad18	32	32
07_pad_pad18	33	33
07_pad_pad18	34	34
07_pad_pad18	35	35
07_pad_pad18	36	36
07_pad_pad18	37	37
07_pad_pad18	38	38
07_pad_pad18	39	39
07_pad_pad18	40	40
07_pad_pad18	41	41
07_pad_pad18	42	42
07_pad_pad18	43	43
07_pad_pad18	44	44
07_pad_pad18	45	45
07_pad_pad18	46	46
07_pad_pad18	47	47
07_pad_pad18	48	48
07_pad_pad18	49	49
07_pad_pad18	50	50
07_pad_pad18	51	51
07_pad_pad18	52	52
07_pad_pad18	53	53
07_pad_pad18	54	54
07_pad_pad18	55	55
07_pad_pad18	56	56
07_pad_pad18	57	57
07_pad_pad18	58	58
07_pad_pad18	59	59
07_pad_pad18	60	60
07_pad_pad18	61	61
07_pad_pad18	62	62
07_pad_pad18	63	63
08_add_add0	0	0
08_add_add0	1	1
08_add_add0	2	2
08_add_add0	3	3
08_add_add0	4	4
08_add_add0	5	5
08_add_add0	6	6
08_add_add0	7	7
08_add_add0	8	8
08_add_add0	9	9
08_add_add0	10	10
08_add_add0	11	11
08_add_add0	12	12
08_add_add0	13	13
08_add_add0	14	14
08_add_add0	15	15
08_add_add0	16	16
08_add_add0	17	17
08_add_add0	18	18
08_add_add0	19	19
08_add_add0	20	20
08_add_add0	21	21
08_add_add0	22	22
08_add_add0	23	23
08_add_add0	24	24
08_add_add0	25	25
08_add_add0	26	26
08_add_add0	27	27
08_add_add0	28	28
08_add_add0	29	29
08_add_add0	30	30
08_add_add0	31	31
08_add_add0	32	32
08_add_add0	33	33
08_add_add0	34	34
08_add_add0	35	35
08_add_add0	36	36
08_add_add0	37	37
08_add_add0	38	38
08_add_add0	39	39
08_add_add0	40	40
08_add_add0	41	41
08_add_add0	42	42
08_add_add0	43	43
08_add_add0	44	44
08_add_add0	45	45
08_add_add0	46	46
08_add_add0	47	47
08_add_add0	48	48
08_add_add0	49	49
08_add_add0	50	50
08_add_add0	51	51
08_add_add0	52	52
08_add_add0	53	53
08_add_add0	54	54
08_add_add0	55	55
08_add_add0	56	56
08_add_add0	57	57
08_add_add0	58	58
08_add_add0	59	59
08_add_add0	60	60
08_add_add0	61	61
08_add_add0	62	62
08_add_add0	63	63
09_add_add1	0	0
09_add_add1	1	1
09_add_add1	2	2
09_add_add1	3	3
09_add_add1	4	4
09_add_add1	5	5
09_add_add1	6	6
09_add_add1	7	7
09_add_add1	8	8
09_add_add1	9	9
09_add_add1	10	10
09_add_add1	11	11
09_add_add1	12	12
09_add_add1	13	13
09_add_add1	14	14
09_add_add1	15	15
09_add_add1	16	16
09_add_add1	17	17
09_add_add1	18	18
09_add_add1	19	19
09_add_add1	20	20
09_add_add1	21	21
09_add_add1	22	22
09_add_add1	23	23
09_add_add1	24	24
09_add_add1	25	25
09_add_add1	26	26
09_add_add1	27	27
09_add_add1	28	28
09_add_add1	29	29
09_add_add1	30	30
09_add_add1	31	31
09_add_add1	32	32
09_add_add1	33	33
09_add_add1	34	34
09_add_add1	35	35
09_add_add1	36	36
09_add_add1	37	37
09_add_add1	38	38
09_add_add1	39	39
09_add_add1	40	40
09_add_add1	41	41
09_add_add1	42	42
09_add_add1	43	43
09_add_add1	44	44
09_add_add1	45	45
09_add_add1	46	46
09_add_add1	47	47
09_add_add1	48	48
09_add_add1	49	49
09_add_add1	50	50
09_add_add1	51	51
09_add_add1	52	52
09_add_add1	53	53
09_add_add1	54	54
09_add_add1	55	55
09_add_add1	56	56
09_add_add1	57	57
09_add_add1	58	58
09_add_add1	59	59
09_add_add1	60	60
09_add_add1	61	61
09_add_add1	62	62
09_add_add1	63	63
10_add_add16	0	0
10_add_add16	1	1
10_add_add16	2	2
10_add_add16	3	3
10_add_add16	4	4
10_add_add16	5	5
10_add_add16	6	6
10_add_add16	7	7
10_add_add16	8	8
10_add_add16	9	9
10_add_add16	10	10
10_add_add16	11	11
10_add_add16	12	12
10_add_add16	13	13
10_add_add16	14	14
10_add_add16	15	15
10_add_add16	16	16
10_add_add16	17	17
10_add_add16	18	18
10_add_add16	19	19
10_add_add16	20	20
10_add_add16	21	21
10_add_add16	22	22
10_add_add16	23	23
10_add_add16	24	24
10_add_add16	25	25
10_add_add16	26	26
10_add_add16	27	27
10_add_add16	28	28
10_add_add16	29	29
10_add_add16	30	30
10_add_add16	31	31
10_add_add16	32	32
10_add_add16	33	33
10_add_add16	34	34
10_add_add16	35	35
10_add_add16	36	36
10_add_add16	37	37
10_add_add16	38	38
10_add_add16	39	39
10_add_add16	40	40
10_add_add16	41	41
10_add_add16	42	42
10_add_add16	43	43
10_add_add16	44	44
10_add_add16	45	45
10_add_add16	46	46
10_add_add16	47	47
10_add_add16	48	48
10_add_add16	49	49
10_add_add16	50	50
10_add_add16	51	51
10_add_add16	52	52
10_add_add16	53	53
10_add_add16	54	54
10_add_add16	55	55
10_add_add16	56	56
10_add_add16	57	57
10_add_add16	58	58
10_add_add16	59	59
10_add_add16	60	60
10_add_add16	61	61
10_add_add16	62	62
10_add_add16	63	63
