file	source_sha256	replay1_union_sha256	replay1_candidate_sha256	replay2_union_sha256	replay2_candidate_sha256
green_tripdata_2024-01.parquet	1512A953BED564AC68DCB622827424DFB4F68AD93C2A4572E50EF6AB0B09C1AD	FCADC8B15D2F5FDDE2D561E61BAA924F8903B01228D51119D484AC15B3F4D068	FCADC8B15D2F5FDDE2D561E61BAA924F8903B01228D51119D484AC15B3F4D068	FCADC8B15D2F5FDDE2D561E61BAA924F8903B01228D51119D484AC15B3F4D068	FCADC8B15D2F5FDDE2D561E61BAA924F8903B01228D51119D484AC15B3F4D068
green_tripdata_2024-02.parquet	CB7EB405EE7E795C9FD6B8AD1B291F46F4E0A1CD60A57067B0AACA2420E8BC5D	14D3FA7BEC7763AF93BDB2587163917B8C9C67F3A70FE77B11FDEF235196B96A	14D3FA7BEC7763AF93BDB2587163917B8C9C67F3A70FE77B11FDEF235196B96A	14D3FA7BEC7763AF93BDB2587163917B8C9C67F3A70FE77B11FDEF235196B96A	14D3FA7BEC7763AF93BDB2587163917B8C9C67F3A70FE77B11FDEF235196B96A
green_tripdata_2024-03.parquet	43DEDD66DD556ACFC38DA679A174B6ADC32E01DD6DCCAD14BDFDF1521A14ABED	DA1A639344DF89C7DC10A2F24A969329445DFFE979A6865A79E388BD2EC1DBB3	DA1A639344DF89C7DC10A2F24A969329445DFFE979A6865A79E388BD2EC1DBB3	DA1A639344DF89C7DC10A2F24A969329445DFFE979A6865A79E388BD2EC1DBB3	DA1A639344DF89C7DC10A2F24A969329445DFFE979A6865A79E388BD2EC1DBB3
green_tripdata_2024-04.parquet	AF174977258A02F8F44C37534ABC9A8B4EAA5EC6D2F9C2BC49782327628B608C	2AB075F0425B70CC8B0402A8BB0A0C1EC347E6E3D7D3ECC552C79E7CD9B5C960	2AB075F0425B70CC8B0402A8BB0A0C1EC347E6E3D7D3ECC552C79E7CD9B5C960	2AB075F0425B70CC8B0402A8BB0A0C1EC347E6E3D7D3ECC552C79E7CD9B5C960	2AB075F0425B70CC8B0402A8BB0A0C1EC347E6E3D7D3ECC552C79E7CD9B5C960
green_tripdata_2024-05.parquet	AA8B1965ED36F0BDA1B342930D5E6F5A89F8FE56D0C6C6D77D9C156B408AA0EA	3AA7FFF3D7D38C77EADF621A5F28FD30A0B5F2DFFF0696E445F1AA766F083C82	3AA7FFF3D7D38C77EADF621A5F28FD30A0B5F2DFFF0696E445F1AA766F083C82	3AA7FFF3D7D38C77EADF621A5F28FD30A0B5F2DFFF0696E445F1AA766F083C82	3AA7FFF3D7D38C77EADF621A5F28FD30A0B5F2DFFF0696E445F1AA766F083C82
green_tripdata_2024-06.parquet	47E7C37DD39069C474364AEE3D76C9DDC887A3F714E9BB550B5866FE0B89B9CD	9624EE76FB0BC34D255C5FC8C5145B7F9AC57C42CF12B44A363D689A4B517333	9624EE76FB0BC34D255C5FC8C5145B7F9AC57C42CF12B44A363D689A4B517333	9624EE76FB0BC34D255C5FC8C5145B7F9AC57C42CF12B44A363D689A4B517333	9624EE76FB0BC34D255C5FC8C5145B7F9AC57C42CF12B44A363D689A4B517333
green_tripdata_2024-07.parquet	CE0D7591316050BEA21DA49E383EB733411E98AE17E114AFCC7FBE4B36B116F2	24D89905215EB22EF7E4B324BB27B6F93D2DE29E3B8182C9CF3C53508733A3F2	24D89905215EB22EF7E4B324BB27B6F93D2DE29E3B8182C9CF3C53508733A3F2	24D89905215EB22EF7E4B324BB27B6F93D2DE29E3B8182C9CF3C53508733A3F2	24D89905215EB22EF7E4B324BB27B6F93D2DE29E3B8182C9CF3C53508733A3F2
green_tripdata_2024-08.parquet	733210FB27CBE8CF8B0AD9F5D6FFF03DFAFCC8FF7C2BEB1C1B707825D72F0376	484E20D34695B718A1820C727A6DF24BBAF3B94DD8CB51D4F64C05CF5A2FCCDC	484E20D34695B718A1820C727A6DF24BBAF3B94DD8CB51D4F64C05CF5A2FCCDC	484E20D34695B718A1820C727A6DF24BBAF3B94DD8CB51D4F64C05CF5A2FCCDC	484E20D34695B718A1820C727A6DF24BBAF3B94DD8CB51D4F64C05CF5A2FCCDC
green_tripdata_2024-09.parquet	8F6AA8F3E8A2040FC161C7FBCB60E5418238B27E7E95998363572A4C977B69CE	32EE12EFA923BE8044F6F58A0D5C34F856C08C969001D3BF51278FB7D86C677D	32EE12EFA923BE8044F6F58A0D5C34F856C08C969001D3BF51278FB7D86C677D	32EE12EFA923BE8044F6F58A0D5C34F856C08C969001D3BF51278FB7D86C677D	32EE12EFA923BE8044F6F58A0D5C34F856C08C969001D3BF51278FB7D86C677D
green_tripdata_2024-10.parquet	6E737B7C4EDAC91F865AA210F7110D0118A9992B3A96720936E090277C24EDAA	649C95639DAB00648ACB4546CBB52EA681D7F66D92642AE2B6B868565C8761EC	649C95639DAB00648ACB4546CBB52EA681D7F66D92642AE2B6B868565C8761EC	649C95639DAB00648ACB4546CBB52EA681D7F66D92642AE2B6B868565C8761EC	649C95639DAB00648ACB4546CBB52EA681D7F66D92642AE2B6B868565C8761EC
green_tripdata_2024-11.parquet	FDE255B43D4158124921B7C085D9ABF15DE5C5A9128C2CE0FB4E2372BC1E0D4A	87A2E710801DBE87F29750E3F8A50A71D45FBA4C90F1A02F1273EE70811D2508	87A2E710801DBE87F29750E3F8A50A71D45FBA4C90F1A02F1273EE70811D2508	87A2E710801DBE87F29750E3F8A50A71D45FBA4C90F1A02F1273EE70811D2508	87A2E710801DBE87F29750E3F8A50A71D45FBA4C90F1A02F1273EE70811D2508
green_tripdata_2024-12.parquet	1D708F58D29B0795A54CA11A36DB6DF61262986D122985F0FB52A56ACC064BAC	3DC2862B35948A6F6CA404F3578FC2D47ECB236C305BC6B380F33D9772EEEDA3	3DC2862B35948A6F6CA404F3578FC2D47ECB236C305BC6B380F33D9772EEEDA3	3DC2862B35948A6F6CA404F3578FC2D47ECB236C305BC6B380F33D9772EEEDA3	3DC2862B35948A6F6CA404F3578FC2D47ECB236C305BC6B380F33D9772EEEDA3
green_tripdata_2025-01.parquet	84F3A121667157EFCBF012C3566A6065DF6F8E0312C678CB2F29CD72CC9C0F10	08BBF42C9C27617A830B22BC0271E8896B3340CFFAAFC8B91C781783E8890E15	08BBF42C9C27617A830B22BC0271E8896B3340CFFAAFC8B91C781783E8890E15	08BBF42C9C27617A830B22BC0271E8896B3340CFFAAFC8B91C781783E8890E15	08BBF42C9C27617A830B22BC0271E8896B3340CFFAAFC8B91C781783E8890E15
green_tripdata_2025-02.parquet	B3FFE16A96BA0C68C8A8F8B10F049294AE6EB8D21F2E13B3FDBD452FA2E3498E	7E2A763DFAFC115CBE133E9BA798DCC4198752E88299DE81A7E2998E7C3E69C3	7E2A763DFAFC115CBE133E9BA798DCC4198752E88299DE81A7E2998E7C3E69C3	7E2A763DFAFC115CBE133E9BA798DCC4198752E88299DE81A7E2998E7C3E69C3	7E2A763DFAFC115CBE133E9BA798DCC4198752E88299DE81A7E2998E7C3E69C3
green_tripdata_2025-03.parquet	D58E8D08E5E8A34C12F0D3F5EA049AE25C7C8215218A6AF7BF6B8124ECDE1C79	5853855E28D7F0221AD9CBD00D3B7ACBCCAA459ECCFDD9F7FC4F34FE660DC28A	5853855E28D7F0221AD9CBD00D3B7ACBCCAA459ECCFDD9F7FC4F34FE660DC28A	5853855E28D7F0221AD9CBD00D3B7ACBCCAA459ECCFDD9F7FC4F34FE660DC28A	5853855E28D7F0221AD9CBD00D3B7ACBCCAA459ECCFDD9F7FC4F34FE660DC28A
green_tripdata_2025-04.parquet	6CF7CA2A4DD8907437E2E4B4728F62B353712FF09B322223A61E01AECEE02411	A6D5D0B6684A18CE90EF5AC1720EF7A89C113F627FEA20DF802411B59B321C47	A6D5D0B6684A18CE90EF5AC1720EF7A89C113F627FEA20DF802411B59B321C47	A6D5D0B6684A18CE90EF5AC1720EF7A89C113F627FEA20DF802411B59B321C47	A6D5D0B6684A18CE90EF5AC1720EF7A89C113F627FEA20DF802411B59B321C47
green_tripdata_2025-05.parquet	DCBF4AFCE26D1ADC544A89EE1BDAC88089B1BBAA300685144D31EEE646DA58BB	5842557C96A658EFB2B4768D2058D5DA72C54C10CB70E62AE34C6D6C732532BC	5842557C96A658EFB2B4768D2058D5DA72C54C10CB70E62AE34C6D6C732532BC	5842557C96A658EFB2B4768D2058D5DA72C54C10CB70E62AE34C6D6C732532BC	5842557C96A658EFB2B4768D2058D5DA72C54C10CB70E62AE34C6D6C732532BC
green_tripdata_2025-06.parquet	451BC9F29382CCA5DC33DB05FF399CB137735D19C7449BBAA8B3348B0824F8E3	25A16977FBBFA6CF0E16D1E79B6F3B7A6BB6D2FF0DCE9CF4D0F8CA75FED02529	25A16977FBBFA6CF0E16D1E79B6F3B7A6BB6D2FF0DCE9CF4D0F8CA75FED02529	25A16977FBBFA6CF0E16D1E79B6F3B7A6BB6D2FF0DCE9CF4D0F8CA75FED02529	25A16977FBBFA6CF0E16D1E79B6F3B7A6BB6D2FF0DCE9CF4D0F8CA75FED02529
green_tripdata_2025-07.parquet	BBD6F9E5955570521DF5C6DD40C1A75B37CCCD730FCAFF4FB50BCD32D2D35F69	26F5DBD9CFA28BEC4CF8716FA59CFC8E50C09C4DA1BE440D95031545EE35C74C	26F5DBD9CFA28BEC4CF8716FA59CFC8E50C09C4DA1BE440D95031545EE35C74C	26F5DBD9CFA28BEC4CF8716FA59CFC8E50C09C4DA1BE440D95031545EE35C74C	26F5DBD9CFA28BEC4CF8716FA59CFC8E50C09C4DA1BE440D95031545EE35C74C
green_tripdata_2025-08.parquet	EBAAB192C199B850B0244E10C90622E472C1D4F2851168F950C9F75FE8DB18D1	75C5E2518E6A7BD8AC905684D2FB36743B5323549439D56F625DCCEC89180E42	75C5E2518E6A7BD8AC905684D2FB36743B5323549439D56F625DCCEC89180E42	75C5E2518E6A7BD8AC905684D2FB36743B5323549439D56F625DCCEC89180E42	75C5E2518E6A7BD8AC905684D2FB36743B5323549439D56F625DCCEC89180E42
