corpus	pair_index	order_position	variant	exit_code	elapsed_ns	cpu_ns	peak_working_set_bytes	nodes	arcs	returned_bits	build_ns	sequential_validate_ns	ef_build_ns	random_validate_and_query_ns	harness_query_checksum	reader_exit_code	reader_process_elapsed_ns	reader_process_cpu_ns	reader_peak_working_set_bytes	reader_sequential_full_decode_ns	reader_random_100k_ns	reader_sequential_checksum	reader_random_checksum	native_payload_bytes	graph_sha256	offsets_sha256	properties_sha256	ef_sha256
cnr-2000	0	0	baseline	0	483339800	437500000	66121728	325557	3216152	9319309	143338000	51036200	4944400	145067400	16859436873049021023	0	155138100	62500000	9740288	21189200	36133600	5019149153090492236	7112103088105708235	1486606	A078715B89770338192EE7BE42BCC05D62FFFC734017457C0891DE923FB858CE	E777137D0127AAA40C30CB896D1B3A138E25D10AB4C8AC8F454455BC57D161A3	194FBE47188E4F3DB74A53E7363D7B17293D132BEE94ED8D4E974EB92BF35701	9E36D7E27E8D23B9BEDA231170497D41587B00A139B279A826CFA70E1AF7F1B6
cnr-2000	0	1	candidate	0	3840937800	3796875000	66187264	325557	3216152	8763554	3500916100	48677500	4989100	150880500	16859436873049021023	0	129103400	62500000	9007104	20834400	36317200	5019149153090492236	7112103088105708235	1413845	FCA303AE9E2D537446D907159BA4583B050422329865D6C137C5BF1E9BB30415	C51F0DF7CBF88FC5D5B38474440E13AB86068038CEA7E7AD99FA1DEC6D79641B	6BB9E893301AF8E9FE682819CB5FB2DC9E28A19C1F75D39652908076BE58A2AB	7F4CB983A01D37466315B20E435F2CB3D09413AB0756EB7D06B71798C83220C3
cnr-2000	1	0	candidate	0	4044720200	3968750000	66039808	325557	3216152	8763554	3635405900	50108500	4790500	187285900	16859436873049021023	0	131313600	93750000	8998912	23887900	44277900	5019149153090492236	7112103088105708235	1413845	FCA303AE9E2D537446D907159BA4583B050422329865D6C137C5BF1E9BB30415	C51F0DF7CBF88FC5D5B38474440E13AB86068038CEA7E7AD99FA1DEC6D79641B	6BB9E893301AF8E9FE682819CB5FB2DC9E28A19C1F75D39652908076BE58A2AB	7F4CB983A01D37466315B20E435F2CB3D09413AB0756EB7D06B71798C83220C3
cnr-2000	1	1	baseline	0	512034900	453125000	66301952	325557	3216152	9319309	155047500	53000000	5282500	159447300	16859436873049021023	0	117866300	93750000	9150464	22281500	39730000	5019149153090492236	7112103088105708235	1486606	A078715B89770338192EE7BE42BCC05D62FFFC734017457C0891DE923FB858CE	E777137D0127AAA40C30CB896D1B3A138E25D10AB4C8AC8F454455BC57D161A3	194FBE47188E4F3DB74A53E7363D7B17293D132BEE94ED8D4E974EB92BF35701	9E36D7E27E8D23B9BEDA231170497D41587B00A139B279A826CFA70E1AF7F1B6
cnr-2000	2	0	baseline	0	483917500	421875000	66256896	325557	3216152	9319309	145160600	44945600	5364900	140978500	16859436873049021023	0	100637900	78125000	9154560	22318400	34776800	5019149153090492236	7112103088105708235	1486606	A078715B89770338192EE7BE42BCC05D62FFFC734017457C0891DE923FB858CE	E777137D0127AAA40C30CB896D1B3A138E25D10AB4C8AC8F454455BC57D161A3	194FBE47188E4F3DB74A53E7363D7B17293D132BEE94ED8D4E974EB92BF35701	9E36D7E27E8D23B9BEDA231170497D41587B00A139B279A826CFA70E1AF7F1B6
cnr-2000	2	1	candidate	0	3764155200	3734375000	66326528	325557	3216152	8763554	3429785000	43885100	5371700	153311700	16859436873049021023	0	122929400	93750000	9015296	21729600	43060800	5019149153090492236	7112103088105708235	1413845	FCA303AE9E2D537446D907159BA4583B050422329865D6C137C5BF1E9BB30415	C51F0DF7CBF88FC5D5B38474440E13AB86068038CEA7E7AD99FA1DEC6D79641B	6BB9E893301AF8E9FE682819CB5FB2DC9E28A19C1F75D39652908076BE58A2AB	7F4CB983A01D37466315B20E435F2CB3D09413AB0756EB7D06B71798C83220C3
cnr-2000	3	0	candidate	0	3865571500	3796875000	66342912	325557	3216152	8763554	3495605900	55483700	4146500	157973600	16859436873049021023	0	125367700	93750000	9011200	21143100	41558800	5019149153090492236	7112103088105708235	1413845	FCA303AE9E2D537446D907159BA4583B050422329865D6C137C5BF1E9BB30415	C51F0DF7CBF88FC5D5B38474440E13AB86068038CEA7E7AD99FA1DEC6D79641B	6BB9E893301AF8E9FE682819CB5FB2DC9E28A19C1F75D39652908076BE58A2AB	7F4CB983A01D37466315B20E435F2CB3D09413AB0756EB7D06B71798C83220C3
cnr-2000	3	1	baseline	0	528175500	468750000	66080768	325557	3216152	9319309	152659200	51766700	4468800	154341300	16859436873049021023	0	111077300	78125000	9146368	22731900	38003800	5019149153090492236	7112103088105708235	1486606	A078715B89770338192EE7BE42BCC05D62FFFC734017457C0891DE923FB858CE	E777137D0127AAA40C30CB896D1B3A138E25D10AB4C8AC8F454455BC57D161A3	194FBE47188E4F3DB74A53E7363D7B17293D132BEE94ED8D4E974EB92BF35701	9E36D7E27E8D23B9BEDA231170497D41587B00A139B279A826CFA70E1AF7F1B6
cnr-2000	4	0	baseline	0	484634800	421875000	66109440	325557	3216152	9319309	148104900	47755000	5265700	145110300	16859436873049021023	0	112400300	78125000	9154560	20793100	38125100	5019149153090492236	7112103088105708235	1486606	A078715B89770338192EE7BE42BCC05D62FFFC734017457C0891DE923FB858CE	E777137D0127AAA40C30CB896D1B3A138E25D10AB4C8AC8F454455BC57D161A3	194FBE47188E4F3DB74A53E7363D7B17293D132BEE94ED8D4E974EB92BF35701	9E36D7E27E8D23B9BEDA231170497D41587B00A139B279A826CFA70E1AF7F1B6
cnr-2000	4	1	candidate	0	3796330600	3781250000	66228224	325557	3216152	8763554	3438563400	48433500	3887500	154003600	16859436873049021023	0	115401700	62500000	9052160	21544600	37907600	5019149153090492236	7112103088105708235	1413845	FCA303AE9E2D537446D907159BA4583B050422329865D6C137C5BF1E9BB30415	C51F0DF7CBF88FC5D5B38474440E13AB86068038CEA7E7AD99FA1DEC6D79641B	6BB9E893301AF8E9FE682819CB5FB2DC9E28A19C1F75D39652908076BE58A2AB	7F4CB983A01D37466315B20E435F2CB3D09413AB0756EB7D06B71798C83220C3
cnr-2000	5	0	candidate	0	3919652500	3843750000	66207744	325557	3216152	8763554	3548119800	45778300	4568100	180746300	16859436873049021023	0	119624400	46875000	9031680	21471500	44622000	5019149153090492236	7112103088105708235	1413845	FCA303AE9E2D537446D907159BA4583B050422329865D6C137C5BF1E9BB30415	C51F0DF7CBF88FC5D5B38474440E13AB86068038CEA7E7AD99FA1DEC6D79641B	6BB9E893301AF8E9FE682819CB5FB2DC9E28A19C1F75D39652908076BE58A2AB	7F4CB983A01D37466315B20E435F2CB3D09413AB0756EB7D06B71798C83220C3
cnr-2000	5	1	baseline	0	498095200	453125000	66179072	325557	3216152	9319309	158404300	46500100	5592100	148284100	16859436873049021023	0	106767700	78125000	9183232	20714000	36689200	5019149153090492236	7112103088105708235	1486606	A078715B89770338192EE7BE42BCC05D62FFFC734017457C0891DE923FB858CE	E777137D0127AAA40C30CB896D1B3A138E25D10AB4C8AC8F454455BC57D161A3	194FBE47188E4F3DB74A53E7363D7B17293D132BEE94ED8D4E974EB92BF35701	9E36D7E27E8D23B9BEDA231170497D41587B00A139B279A826CFA70E1AF7F1B6
cnr-2000	6	0	baseline	0	516917600	468750000	66076672	325557	3216152	9319309	152618600	46632900	3914200	173360400	16859436873049021023	0	125950100	78125000	9150464	20729900	34526600	5019149153090492236	7112103088105708235	1486606	A078715B89770338192EE7BE42BCC05D62FFFC734017457C0891DE923FB858CE	E777137D0127AAA40C30CB896D1B3A138E25D10AB4C8AC8F454455BC57D161A3	194FBE47188E4F3DB74A53E7363D7B17293D132BEE94ED8D4E974EB92BF35701	9E36D7E27E8D23B9BEDA231170497D41587B00A139B279A826CFA70E1AF7F1B6
cnr-2000	6	1	candidate	0	3725197900	3656250000	66138112	325557	3216152	8763554	3400031200	43817900	4898400	148047000	16859436873049021023	0	116931200	78125000	9052160	21197400	40721700	5019149153090492236	7112103088105708235	1413845	FCA303AE9E2D537446D907159BA4583B050422329865D6C137C5BF1E9BB30415	C51F0DF7CBF88FC5D5B38474440E13AB86068038CEA7E7AD99FA1DEC6D79641B	6BB9E893301AF8E9FE682819CB5FB2DC9E28A19C1F75D39652908076BE58A2AB	7F4CB983A01D37466315B20E435F2CB3D09413AB0756EB7D06B71798C83220C3
cnr-2000	7	0	candidate	0	3776455500	3656250000	66523136	325557	3216152	8763554	3444354800	44248500	4666800	146485700	16859436873049021023	0	107432300	62500000	9035776	20131000	35008900	5019149153090492236	7112103088105708235	1413845	FCA303AE9E2D537446D907159BA4583B050422329865D6C137C5BF1E9BB30415	C51F0DF7CBF88FC5D5B38474440E13AB86068038CEA7E7AD99FA1DEC6D79641B	6BB9E893301AF8E9FE682819CB5FB2DC9E28A19C1F75D39652908076BE58A2AB	7F4CB983A01D37466315B20E435F2CB3D09413AB0756EB7D06B71798C83220C3
cnr-2000	7	1	baseline	0	496610800	406250000	66359296	325557	3216152	9319309	159099000	45689800	3799600	143579400	16859436873049021023	0	105071600	62500000	9158656	20717800	35250600	5019149153090492236	7112103088105708235	1486606	A078715B89770338192EE7BE42BCC05D62FFFC734017457C0891DE923FB858CE	E777137D0127AAA40C30CB896D1B3A138E25D10AB4C8AC8F454455BC57D161A3	194FBE47188E4F3DB74A53E7363D7B17293D132BEE94ED8D4E974EB92BF35701	9E36D7E27E8D23B9BEDA231170497D41587B00A139B279A826CFA70E1AF7F1B6
cnr-2000	8	0	baseline	0	483580500	421875000	66105344	325557	3216152	9319309	147862700	49607000	3781500	145050200	16859436873049021023	0	115955500	78125000	9187328	22757700	38703300	5019149153090492236	7112103088105708235	1486606	A078715B89770338192EE7BE42BCC05D62FFFC734017457C0891DE923FB858CE	E777137D0127AAA40C30CB896D1B3A138E25D10AB4C8AC8F454455BC57D161A3	194FBE47188E4F3DB74A53E7363D7B17293D132BEE94ED8D4E974EB92BF35701	9E36D7E27E8D23B9BEDA231170497D41587B00A139B279A826CFA70E1AF7F1B6
cnr-2000	8	1	candidate	0	3811431600	3734375000	66338816	325557	3216152	8763554	3449270500	46250500	5055600	155517200	16859436873049021023	0	108139900	62500000	9007104	22979800	37719300	5019149153090492236	7112103088105708235	1413845	FCA303AE9E2D537446D907159BA4583B050422329865D6C137C5BF1E9BB30415	C51F0DF7CBF88FC5D5B38474440E13AB86068038CEA7E7AD99FA1DEC6D79641B	6BB9E893301AF8E9FE682819CB5FB2DC9E28A19C1F75D39652908076BE58A2AB	7F4CB983A01D37466315B20E435F2CB3D09413AB0756EB7D06B71798C83220C3
cnr-2000	9	0	candidate	0	3801686100	3734375000	66359296	325557	3216152	8763554	3456051700	47159500	4869000	152140700	16859436873049021023	0	115720200	62500000	9003008	20062200	39304100	5019149153090492236	7112103088105708235	1413845	FCA303AE9E2D537446D907159BA4583B050422329865D6C137C5BF1E9BB30415	C51F0DF7CBF88FC5D5B38474440E13AB86068038CEA7E7AD99FA1DEC6D79641B	6BB9E893301AF8E9FE682819CB5FB2DC9E28A19C1F75D39652908076BE58A2AB	7F4CB983A01D37466315B20E435F2CB3D09413AB0756EB7D06B71798C83220C3
cnr-2000	9	1	baseline	0	499007500	484375000	66240512	325557	3216152	9319309	153997800	50071400	4005800	147889200	16859436873049021023	0	102056000	78125000	9142272	21548500	38117000	5019149153090492236	7112103088105708235	1486606	A078715B89770338192EE7BE42BCC05D62FFFC734017457C0891DE923FB858CE	E777137D0127AAA40C30CB896D1B3A138E25D10AB4C8AC8F454455BC57D161A3	194FBE47188E4F3DB74A53E7363D7B17293D132BEE94ED8D4E974EB92BF35701	9E36D7E27E8D23B9BEDA231170497D41587B00A139B279A826CFA70E1AF7F1B6
cnr-2000	10	0	baseline	0	507178200	468750000	66224128	325557	3216152	9319309	151606400	49236200	4962200	159880000	16859436873049021023	0	115417800	62500000	9146368	22465200	38446900	5019149153090492236	7112103088105708235	1486606	A078715B89770338192EE7BE42BCC05D62FFFC734017457C0891DE923FB858CE	E777137D0127AAA40C30CB896D1B3A138E25D10AB4C8AC8F454455BC57D161A3	194FBE47188E4F3DB74A53E7363D7B17293D132BEE94ED8D4E974EB92BF35701	9E36D7E27E8D23B9BEDA231170497D41587B00A139B279A826CFA70E1AF7F1B6
cnr-2000	10	1	candidate	0	4060874600	3906250000	66195456	325557	3216152	8763554	3710266400	47371200	5300000	156633600	16859436873049021023	0	123647800	78125000	9011200	21994500	43441600	5019149153090492236	7112103088105708235	1413845	FCA303AE9E2D537446D907159BA4583B050422329865D6C137C5BF1E9BB30415	C51F0DF7CBF88FC5D5B38474440E13AB86068038CEA7E7AD99FA1DEC6D79641B	6BB9E893301AF8E9FE682819CB5FB2DC9E28A19C1F75D39652908076BE58A2AB	7F4CB983A01D37466315B20E435F2CB3D09413AB0756EB7D06B71798C83220C3
wiki-vote	0	0	baseline	0	111804400	62500000	13357056	7115	103689	876503	26938200	12131000	1278600	14335000	15912400819775153403	0	84421100	62500000	6811648	1543500	34590700	8405750924769033072	15713523021230978864	118664	DD46557BBE1B69072CD23DC7631FFB631A2FA3C7C874649B591E7F2B6B66A327	4C397BF171D9D3A58CEC7F104654FA5C23E3D71B1238C2C65569CE05FE1A3267	6E364DAD11D1F42A3DB724F8E792AA8680BA8CAC919FF08C158B7D4BDDD658A2	160D56AF4DCF4ECBF02D3A7782525F280EC7AC41685ED07EECFFFB09D4DC8386
wiki-vote	0	1	candidate	0	205220500	140625000	13434880	7115	103689	875555	120609800	10668000	1068200	12907000	15912400819775153403	0	91963900	46875000	6791168	1059000	33118000	8405750924769033072	15713523021230978864	118537	0550AFDA16D8D1724B5F527F675E579EFCD993DD164901B518CA32E10E8F234D	DC4FA4B150A3831677B78F000C9656E3F9FC9E972AD2BADE749DA27BBF07C40A	B3E57A67D465F432E3FDBEA30ADD6D30834E816B16EBB3263986A5DFC15892F3	17DD219B0B7116955503649259BB5BE7997B9B4E011B9C2DEE69ED403BC5E0CA
wiki-vote	1	0	candidate	0	212613800	140625000	13561856	7115	103689	875555	122322200	8532800	1050000	11829500	15912400819775153403	0	72761400	78125000	6807552	1013200	32784800	8405750924769033072	15713523021230978864	118537	0550AFDA16D8D1724B5F527F675E579EFCD993DD164901B518CA32E10E8F234D	DC4FA4B150A3831677B78F000C9656E3F9FC9E972AD2BADE749DA27BBF07C40A	B3E57A67D465F432E3FDBEA30ADD6D30834E816B16EBB3263986A5DFC15892F3	17DD219B0B7116955503649259BB5BE7997B9B4E011B9C2DEE69ED403BC5E0CA
wiki-vote	1	1	baseline	0	112738200	46875000	13135872	7115	103689	876503	25480900	11222100	1196400	12546200	15912400819775153403	0	80187300	46875000	6787072	1291700	34076000	8405750924769033072	15713523021230978864	118664	DD46557BBE1B69072CD23DC7631FFB631A2FA3C7C874649B591E7F2B6B66A327	4C397BF171D9D3A58CEC7F104654FA5C23E3D71B1238C2C65569CE05FE1A3267	6E364DAD11D1F42A3DB724F8E792AA8680BA8CAC919FF08C158B7D4BDDD658A2	160D56AF4DCF4ECBF02D3A7782525F280EC7AC41685ED07EECFFFB09D4DC8386
wiki-vote	2	0	baseline	0	99851600	46875000	13193216	7115	103689	876503	28323000	8537000	1396600	12677400	15912400819775153403	0	81175000	46875000	6803456	1832900	31751900	8405750924769033072	15713523021230978864	118664	DD46557BBE1B69072CD23DC7631FFB631A2FA3C7C874649B591E7F2B6B66A327	4C397BF171D9D3A58CEC7F104654FA5C23E3D71B1238C2C65569CE05FE1A3267	6E364DAD11D1F42A3DB724F8E792AA8680BA8CAC919FF08C158B7D4BDDD658A2	160D56AF4DCF4ECBF02D3A7782525F280EC7AC41685ED07EECFFFB09D4DC8386
wiki-vote	2	1	candidate	0	186542900	109375000	13619200	7115	103689	875555	114404200	9941300	1143200	11284600	15912400819775153403	0	84547400	15625000	6811648	1202100	34045300	8405750924769033072	15713523021230978864	118537	0550AFDA16D8D1724B5F527F675E579EFCD993DD164901B518CA32E10E8F234D	DC4FA4B150A3831677B78F000C9656E3F9FC9E972AD2BADE749DA27BBF07C40A	B3E57A67D465F432E3FDBEA30ADD6D30834E816B16EBB3263986A5DFC15892F3	17DD219B0B7116955503649259BB5BE7997B9B4E011B9C2DEE69ED403BC5E0CA
wiki-vote	3	0	candidate	0	205118700	156250000	13418496	7115	103689	875555	111084600	10973000	1742300	12521300	15912400819775153403	0	85043900	31250000	6795264	998200	32386800	8405750924769033072	15713523021230978864	118537	0550AFDA16D8D1724B5F527F675E579EFCD993DD164901B518CA32E10E8F234D	DC4FA4B150A3831677B78F000C9656E3F9FC9E972AD2BADE749DA27BBF07C40A	B3E57A67D465F432E3FDBEA30ADD6D30834E816B16EBB3263986A5DFC15892F3	17DD219B0B7116955503649259BB5BE7997B9B4E011B9C2DEE69ED403BC5E0CA
wiki-vote	3	1	baseline	0	111843000	31250000	13479936	7115	103689	876503	25040700	10280600	1193800	13890600	15912400819775153403	0	86506600	46875000	6791168	1001000	32121600	8405750924769033072	15713523021230978864	118664	DD46557BBE1B69072CD23DC7631FFB631A2FA3C7C874649B591E7F2B6B66A327	4C397BF171D9D3A58CEC7F104654FA5C23E3D71B1238C2C65569CE05FE1A3267	6E364DAD11D1F42A3DB724F8E792AA8680BA8CAC919FF08C158B7D4BDDD658A2	160D56AF4DCF4ECBF02D3A7782525F280EC7AC41685ED07EECFFFB09D4DC8386
wiki-vote	4	0	baseline	0	115027800	78125000	13565952	7115	103689	876503	28046000	10725000	1191000	13427600	15912400819775153403	0	82446400	46875000	6778880	1246000	33800400	8405750924769033072	15713523021230978864	118664	DD46557BBE1B69072CD23DC7631FFB631A2FA3C7C874649B591E7F2B6B66A327	4C397BF171D9D3A58CEC7F104654FA5C23E3D71B1238C2C65569CE05FE1A3267	6E364DAD11D1F42A3DB724F8E792AA8680BA8CAC919FF08C158B7D4BDDD658A2	160D56AF4DCF4ECBF02D3A7782525F280EC7AC41685ED07EECFFFB09D4DC8386
wiki-vote	4	1	candidate	0	211782800	156250000	13516800	7115	103689	875555	120306600	10865400	1066400	11821500	15912400819775153403	0	88964500	46875000	6848512	1027500	34259600	8405750924769033072	15713523021230978864	118537	0550AFDA16D8D1724B5F527F675E579EFCD993DD164901B518CA32E10E8F234D	DC4FA4B150A3831677B78F000C9656E3F9FC9E972AD2BADE749DA27BBF07C40A	B3E57A67D465F432E3FDBEA30ADD6D30834E816B16EBB3263986A5DFC15892F3	17DD219B0B7116955503649259BB5BE7997B9B4E011B9C2DEE69ED403BC5E0CA
wiki-vote	5	0	candidate	0	197839000	156250000	13369344	7115	103689	875555	121590000	9859800	1380700	12875300	15912400819775153403	0	78841800	46875000	6807552	1040900	33446200	8405750924769033072	15713523021230978864	118537	0550AFDA16D8D1724B5F527F675E579EFCD993DD164901B518CA32E10E8F234D	DC4FA4B150A3831677B78F000C9656E3F9FC9E972AD2BADE749DA27BBF07C40A	B3E57A67D465F432E3FDBEA30ADD6D30834E816B16EBB3263986A5DFC15892F3	17DD219B0B7116955503649259BB5BE7997B9B4E011B9C2DEE69ED403BC5E0CA
wiki-vote	5	1	baseline	0	113908000	93750000	13283328	7115	103689	876503	27202700	10673100	1167600	12169500	15912400819775153403	0	80694700	46875000	6795264	1017800	33829700	8405750924769033072	15713523021230978864	118664	DD46557BBE1B69072CD23DC7631FFB631A2FA3C7C874649B591E7F2B6B66A327	4C397BF171D9D3A58CEC7F104654FA5C23E3D71B1238C2C65569CE05FE1A3267	6E364DAD11D1F42A3DB724F8E792AA8680BA8CAC919FF08C158B7D4BDDD658A2	160D56AF4DCF4ECBF02D3A7782525F280EC7AC41685ED07EECFFFB09D4DC8386
wiki-vote	6	0	baseline	0	106626000	93750000	13357056	7115	103689	876503	25694400	11945100	1198600	14025800	15912400819775153403	0	94855200	31250000	6770688	1227800	35516000	8405750924769033072	15713523021230978864	118664	DD46557BBE1B69072CD23DC7631FFB631A2FA3C7C874649B591E7F2B6B66A327	4C397BF171D9D3A58CEC7F104654FA5C23E3D71B1238C2C65569CE05FE1A3267	6E364DAD11D1F42A3DB724F8E792AA8680BA8CAC919FF08C158B7D4BDDD658A2	160D56AF4DCF4ECBF02D3A7782525F280EC7AC41685ED07EECFFFB09D4DC8386
wiki-vote	6	1	candidate	0	212475200	171875000	13438976	7115	103689	875555	125166900	10496000	1150100	13232600	15912400819775153403	0	86805200	78125000	6782976	1233100	35289400	8405750924769033072	15713523021230978864	118537	0550AFDA16D8D1724B5F527F675E579EFCD993DD164901B518CA32E10E8F234D	DC4FA4B150A3831677B78F000C9656E3F9FC9E972AD2BADE749DA27BBF07C40A	B3E57A67D465F432E3FDBEA30ADD6D30834E816B16EBB3263986A5DFC15892F3	17DD219B0B7116955503649259BB5BE7997B9B4E011B9C2DEE69ED403BC5E0CA
wiki-vote	7	0	candidate	0	187559800	125000000	13516800	7115	103689	875555	114485900	10922300	1273000	11717800	15912400819775153403	0	85086100	46875000	6782976	1050400	33905000	8405750924769033072	15713523021230978864	118537	0550AFDA16D8D1724B5F527F675E579EFCD993DD164901B518CA32E10E8F234D	DC4FA4B150A3831677B78F000C9656E3F9FC9E972AD2BADE749DA27BBF07C40A	B3E57A67D465F432E3FDBEA30ADD6D30834E816B16EBB3263986A5DFC15892F3	17DD219B0B7116955503649259BB5BE7997B9B4E011B9C2DEE69ED403BC5E0CA
wiki-vote	7	1	baseline	0	106026700	78125000	13361152	7115	103689	876503	25978900	9329600	1315400	12651900	15912400819775153403	0	116457000	46875000	6791168	1034500	33127900	8405750924769033072	15713523021230978864	118664	DD46557BBE1B69072CD23DC7631FFB631A2FA3C7C874649B591E7F2B6B66A327	4C397BF171D9D3A58CEC7F104654FA5C23E3D71B1238C2C65569CE05FE1A3267	6E364DAD11D1F42A3DB724F8E792AA8680BA8CAC919FF08C158B7D4BDDD658A2	160D56AF4DCF4ECBF02D3A7782525F280EC7AC41685ED07EECFFFB09D4DC8386
wiki-vote	8	0	baseline	0	99482200	46875000	13565952	7115	103689	876503	24565100	10899200	1260100	12722500	15912400819775153403	0	90273300	62500000	6778880	1052300	33537100	8405750924769033072	15713523021230978864	118664	DD46557BBE1B69072CD23DC7631FFB631A2FA3C7C874649B591E7F2B6B66A327	4C397BF171D9D3A58CEC7F104654FA5C23E3D71B1238C2C65569CE05FE1A3267	6E364DAD11D1F42A3DB724F8E792AA8680BA8CAC919FF08C158B7D4BDDD658A2	160D56AF4DCF4ECBF02D3A7782525F280EC7AC41685ED07EECFFFB09D4DC8386
wiki-vote	8	1	candidate	0	200349800	203125000	13520896	7115	103689	875555	127088400	11826500	1128900	12991400	15912400819775153403	0	106729700	31250000	6807552	1081500	33327300	8405750924769033072	15713523021230978864	118537	0550AFDA16D8D1724B5F527F675E579EFCD993DD164901B518CA32E10E8F234D	DC4FA4B150A3831677B78F000C9656E3F9FC9E972AD2BADE749DA27BBF07C40A	B3E57A67D465F432E3FDBEA30ADD6D30834E816B16EBB3263986A5DFC15892F3	17DD219B0B7116955503649259BB5BE7997B9B4E011B9C2DEE69ED403BC5E0CA
wiki-vote	9	0	candidate	0	215516100	171875000	13484032	7115	103689	875555	114364500	9061200	1155100	14266100	15912400819775153403	0	87385200	46875000	6823936	1040500	34278900	8405750924769033072	15713523021230978864	118537	0550AFDA16D8D1724B5F527F675E579EFCD993DD164901B518CA32E10E8F234D	DC4FA4B150A3831677B78F000C9656E3F9FC9E972AD2BADE749DA27BBF07C40A	B3E57A67D465F432E3FDBEA30ADD6D30834E816B16EBB3263986A5DFC15892F3	17DD219B0B7116955503649259BB5BE7997B9B4E011B9C2DEE69ED403BC5E0CA
wiki-vote	9	1	baseline	0	111312300	46875000	13402112	7115	103689	876503	26367700	9313000	1668800	14916300	15912400819775153403	0	92911400	46875000	7069696	1037900	33072100	8405750924769033072	15713523021230978864	118664	DD46557BBE1B69072CD23DC7631FFB631A2FA3C7C874649B591E7F2B6B66A327	4C397BF171D9D3A58CEC7F104654FA5C23E3D71B1238C2C65569CE05FE1A3267	6E364DAD11D1F42A3DB724F8E792AA8680BA8CAC919FF08C158B7D4BDDD658A2	160D56AF4DCF4ECBF02D3A7782525F280EC7AC41685ED07EECFFFB09D4DC8386
wiki-vote	10	0	baseline	0	114815400	46875000	13398016	7115	103689	876503	25662200	10177200	1226600	14288000	15912400819775153403	0	95651600	62500000	6807552	1305400	34544400	8405750924769033072	15713523021230978864	118664	DD46557BBE1B69072CD23DC7631FFB631A2FA3C7C874649B591E7F2B6B66A327	4C397BF171D9D3A58CEC7F104654FA5C23E3D71B1238C2C65569CE05FE1A3267	6E364DAD11D1F42A3DB724F8E792AA8680BA8CAC919FF08C158B7D4BDDD658A2	160D56AF4DCF4ECBF02D3A7782525F280EC7AC41685ED07EECFFFB09D4DC8386
wiki-vote	10	1	candidate	0	208805400	140625000	13836288	7115	103689	875555	120635500	9843800	1212900	12497100	15912400819775153403	0	104640400	46875000	7077888	1112500	33600500	8405750924769033072	15713523021230978864	118537	0550AFDA16D8D1724B5F527F675E579EFCD993DD164901B518CA32E10E8F234D	DC4FA4B150A3831677B78F000C9656E3F9FC9E972AD2BADE749DA27BBF07C40A	B3E57A67D465F432E3FDBEA30ADD6D30834E816B16EBB3263986A5DFC15892F3	17DD219B0B7116955503649259BB5BE7997B9B4E011B9C2DEE69ED403BC5E0CA
