version	path	line	kind	context	source
release-22.1.8	llvm/lib/Bitcode/Writer/BitcodeWriter.cpp	188	RECORD_EMIT	BitcodeWriterBase::writeModuleVersion	Stream.EmitRecord(bitc::MODULE_CODE_VERSION, ArrayRef<uint64_t>{2});
release-22.1.8	llvm/lib/Bitcode/Writer/BitcodeWriter.cpp	754	RECORD_EMIT	BitCodeAbbrevOp::isChar6	Stream.EmitRecord(Code, Vals, AbbrevToUse);
release-22.1.8	llvm/lib/Bitcode/Writer/BitcodeWriter.cpp	1012	BLOCK_ENTER	ModuleBitcodeWriter::writeAttributeGroupTable	Stream.EnterSubblock(bitc::PARAMATTR_GROUP_BLOCK_ID, 3);
release-22.1.8	llvm/lib/Bitcode/Writer/BitcodeWriter.cpp	1070	RECORD_EMIT	UNRESOLVED_CONTEXT	Stream.EmitRecord(bitc::PARAMATTR_GRP_CODE_ENTRY, Record);
release-22.1.8	llvm/lib/Bitcode/Writer/BitcodeWriter.cpp	1081	BLOCK_ENTER	ModuleBitcodeWriter::writeAttributeTable	Stream.EnterSubblock(bitc::PARAMATTR_BLOCK_ID, 3);
release-22.1.8	llvm/lib/Bitcode/Writer/BitcodeWriter.cpp	1091	RECORD_EMIT	UNRESOLVED_CONTEXT	Stream.EmitRecord(bitc::PARAMATTR_CODE_ENTRY, Record);
release-22.1.8	llvm/lib/Bitcode/Writer/BitcodeWriter.cpp	1102	BLOCK_ENTER	ModuleBitcodeWriter::writeTypeTable	Stream.EnterSubblock(bitc::TYPE_BLOCK_ID_NEW, 4 /*count from # abbrevs */);
release-22.1.8	llvm/lib/Bitcode/Writer/BitcodeWriter.cpp	1111	LOCAL_ABBREV_DEFINE	std::move	unsigned OpaquePtrAbbrev = Stream.EmitAbbrev(std::move(Abbv));
release-22.1.8	llvm/lib/Bitcode/Writer/BitcodeWriter.cpp	1119	LOCAL_ABBREV_DEFINE	std::move	unsigned FunctionAbbrev = Stream.EmitAbbrev(std::move(Abbv));
release-22.1.8	llvm/lib/Bitcode/Writer/BitcodeWriter.cpp	1127	LOCAL_ABBREV_DEFINE	std::move	unsigned StructAnonAbbrev = Stream.EmitAbbrev(std::move(Abbv));
release-22.1.8	llvm/lib/Bitcode/Writer/BitcodeWriter.cpp	1134	LOCAL_ABBREV_DEFINE	std::move	unsigned StructNameAbbrev = Stream.EmitAbbrev(std::move(Abbv));
release-22.1.8	llvm/lib/Bitcode/Writer/BitcodeWriter.cpp	1142	LOCAL_ABBREV_DEFINE	std::move	unsigned StructNamedAbbrev = Stream.EmitAbbrev(std::move(Abbv));
release-22.1.8	llvm/lib/Bitcode/Writer/BitcodeWriter.cpp	1149	LOCAL_ABBREV_DEFINE	std::move	unsigned ArrayAbbrev = Stream.EmitAbbrev(std::move(Abbv));
release-22.1.8	llvm/lib/Bitcode/Writer/BitcodeWriter.cpp	1153	RECORD_EMIT	std::move	Stream.EmitRecord(bitc::TYPE_CODE_NUMENTRY, TypeVals);
release-22.1.8	llvm/lib/Bitcode/Writer/BitcodeWriter.cpp	1265	RECORD_EMIT	UNRESOLVED_CONTEXT	Stream.EmitRecord(Code, TypeVals, AbbrevToUse);
release-22.1.8	llvm/lib/Bitcode/Writer/BitcodeWriter.cpp	1434	RECORD_EMIT	ModuleBitcodeWriter::writeComdats	Stream.EmitRecord(bitc::MODULE_CODE_COMDAT, Vals, /*AbbrevToUse=*/0);
release-22.1.8	llvm/lib/Bitcode/Writer/BitcodeWriter.cpp	1453	LOCAL_ABBREV_DEFINE	std::move	unsigned VSTOffsetAbbrev = Stream.EmitAbbrev(std::move(Abbv));
release-22.1.8	llvm/lib/Bitcode/Writer/BitcodeWriter.cpp	1457	RECORD_WITH_EXPLICIT_ABBREV	std::move	Stream.EmitRecordWithAbbrev(VSTOffsetAbbrev, Vals);
release-22.1.8	llvm/lib/Bitcode/Writer/BitcodeWriter.cpp	1574	LOCAL_ABBREV_DEFINE	std::move	SimpleGVarAbbrev = Stream.EmitAbbrev(std::move(Abbv));
release-22.1.8	llvm/lib/Bitcode/Writer/BitcodeWriter.cpp	1592	LOCAL_ABBREV_DEFINE	std::move	unsigned FilenameAbbrev = Stream.EmitAbbrev(std::move(Abbv));
release-22.1.8	llvm/lib/Bitcode/Writer/BitcodeWriter.cpp	1598	RECORD_EMIT	std::move	Stream.EmitRecord(bitc::MODULE_CODE_SOURCE_FILENAME, Vals, FilenameAbbrev);
release-22.1.8	llvm/lib/Bitcode/Writer/BitcodeWriter.cpp	1649	RECORD_EMIT	UNRESOLVED_CONTEXT	Stream.EmitRecord(bitc::MODULE_CODE_GLOBALVAR, Vals, AbbrevToUse);
release-22.1.8	llvm/lib/Bitcode/Writer/BitcodeWriter.cpp	1687	RECORD_EMIT	UNRESOLVED_CONTEXT	Stream.EmitRecord(bitc::MODULE_CODE_FUNCTION, Vals, AbbrevToUse);
release-22.1.8	llvm/lib/Bitcode/Writer/BitcodeWriter.cpp	1711	RECORD_EMIT	UNRESOLVED_CONTEXT	Stream.EmitRecord(bitc::MODULE_CODE_ALIAS, Vals, AbbrevToUse);
release-22.1.8	llvm/lib/Bitcode/Writer/BitcodeWriter.cpp	1729	RECORD_EMIT	UNRESOLVED_CONTEXT	Stream.EmitRecord(bitc::MODULE_CODE_IFUNC, Vals);
release-22.1.8	llvm/lib/Bitcode/Writer/BitcodeWriter.cpp	1794	RECORD_EMIT	ModuleBitcodeWriter::writeValueAsMetadata	Stream.EmitRecord(bitc::METADATA_VALUE, Record, 0);
release-22.1.8	llvm/lib/Bitcode/Writer/BitcodeWriter.cpp	1807	RECORD_EMIT	UNRESOLVED_CONTEXT	Stream.EmitRecord(N->isDistinct() ? bitc::METADATA_DISTINCT_NODE
release-22.1.8	llvm/lib/Bitcode/Writer/BitcodeWriter.cpp	1826	LOCAL_ABBREV_DEFINE	std::move	return Stream.EmitAbbrev(std::move(Abbv));
release-22.1.8	llvm/lib/Bitcode/Writer/BitcodeWriter.cpp	1843	RECORD_EMIT	UNRESOLVED_CONTEXT	Stream.EmitRecord(bitc::METADATA_LOCATION, Record, Abbrev);
release-22.1.8	llvm/lib/Bitcode/Writer/BitcodeWriter.cpp	1858	LOCAL_ABBREV_DEFINE	std::move	return Stream.EmitAbbrev(std::move(Abbv));
release-22.1.8	llvm/lib/Bitcode/Writer/BitcodeWriter.cpp	1874	RECORD_EMIT	UNRESOLVED_CONTEXT	Stream.EmitRecord(bitc::METADATA_GENERIC_DEBUG, Record, Abbrev);
release-22.1.8	llvm/lib/Bitcode/Writer/BitcodeWriter.cpp	1888	RECORD_EMIT	UNRESOLVED_CONTEXT	Stream.EmitRecord(bitc::METADATA_SUBRANGE, Record, Abbrev);
release-22.1.8	llvm/lib/Bitcode/Writer/BitcodeWriter.cpp	1901	RECORD_EMIT	UNRESOLVED_CONTEXT	Stream.EmitRecord(bitc::METADATA_GENERIC_SUBRANGE, Record, Abbrev);
release-22.1.8	llvm/lib/Bitcode/Writer/BitcodeWriter.cpp	1914	RECORD_EMIT	UNRESOLVED_CONTEXT	Stream.EmitRecord(bitc::METADATA_ENUMERATOR, Record, Abbrev);
release-22.1.8	llvm/lib/Bitcode/Writer/BitcodeWriter.cpp	1932	RECORD_EMIT	UNRESOLVED_CONTEXT	Stream.EmitRecord(bitc::METADATA_BASIC_TYPE, Record, Abbrev);
release-22.1.8	llvm/lib/Bitcode/Writer/BitcodeWriter.cpp	1962	RECORD_EMIT	UNRESOLVED_CONTEXT	Stream.EmitRecord(bitc::METADATA_FIXED_POINT_TYPE, Record, Abbrev);
release-22.1.8	llvm/lib/Bitcode/Writer/BitcodeWriter.cpp	1980	RECORD_EMIT	UNRESOLVED_CONTEXT	Stream.EmitRecord(bitc::METADATA_STRING_TYPE, Record, Abbrev);
release-22.1.8	llvm/lib/Bitcode/Writer/BitcodeWriter.cpp	2015	RECORD_EMIT	UNRESOLVED_CONTEXT	Stream.EmitRecord(bitc::METADATA_DERIVED_TYPE, Record, Abbrev);
release-22.1.8	llvm/lib/Bitcode/Writer/BitcodeWriter.cpp	2037	RECORD_EMIT	UNRESOLVED_CONTEXT	Stream.EmitRecord(bitc::METADATA_SUBRANGE_TYPE, Record, Abbrev);
release-22.1.8	llvm/lib/Bitcode/Writer/BitcodeWriter.cpp	2075	RECORD_EMIT	UNRESOLVED_CONTEXT	Stream.EmitRecord(bitc::METADATA_COMPOSITE_TYPE, Record, Abbrev);
release-22.1.8	llvm/lib/Bitcode/Writer/BitcodeWriter.cpp	2088	RECORD_EMIT	UNRESOLVED_CONTEXT	Stream.EmitRecord(bitc::METADATA_SUBROUTINE_TYPE, Record, Abbrev);
release-22.1.8	llvm/lib/Bitcode/Writer/BitcodeWriter.cpp	2111	RECORD_EMIT	UNRESOLVED_CONTEXT	Stream.EmitRecord(bitc::METADATA_FILE, Record, Abbrev);
release-22.1.8	llvm/lib/Bitcode/Writer/BitcodeWriter.cpp	2150	RECORD_EMIT	UNRESOLVED_CONTEXT	Stream.EmitRecord(bitc::METADATA_COMPILE_UNIT, Record, Abbrev);
release-22.1.8	llvm/lib/Bitcode/Writer/BitcodeWriter.cpp	2181	RECORD_EMIT	UNRESOLVED_CONTEXT	Stream.EmitRecord(bitc::METADATA_SUBPROGRAM, Record, Abbrev);
release-22.1.8	llvm/lib/Bitcode/Writer/BitcodeWriter.cpp	2194	RECORD_EMIT	UNRESOLVED_CONTEXT	Stream.EmitRecord(bitc::METADATA_LEXICAL_BLOCK, Record, Abbrev);
release-22.1.8	llvm/lib/Bitcode/Writer/BitcodeWriter.cpp	2206	RECORD_EMIT	UNRESOLVED_CONTEXT	Stream.EmitRecord(bitc::METADATA_LEXICAL_BLOCK_FILE, Record, Abbrev);
release-22.1.8	llvm/lib/Bitcode/Writer/BitcodeWriter.cpp	2220	RECORD_EMIT	UNRESOLVED_CONTEXT	Stream.EmitRecord(bitc::METADATA_COMMON_BLOCK, Record, Abbrev);
release-22.1.8	llvm/lib/Bitcode/Writer/BitcodeWriter.cpp	2231	RECORD_EMIT	ModuleBitcodeWriter::writeDINamespace	Stream.EmitRecord(bitc::METADATA_NAMESPACE, Record, Abbrev);
release-22.1.8	llvm/lib/Bitcode/Writer/BitcodeWriter.cpp	2244	RECORD_EMIT	UNRESOLVED_CONTEXT	Stream.EmitRecord(bitc::METADATA_MACRO, Record, Abbrev);
release-22.1.8	llvm/lib/Bitcode/Writer/BitcodeWriter.cpp	2257	RECORD_EMIT	UNRESOLVED_CONTEXT	Stream.EmitRecord(bitc::METADATA_MACRO_FILE, Record, Abbrev);
release-22.1.8	llvm/lib/Bitcode/Writer/BitcodeWriter.cpp	2267	RECORD_EMIT	ModuleBitcodeWriter::writeDIArgList	Stream.EmitRecord(bitc::METADATA_ARG_LIST, Record);
release-22.1.8	llvm/lib/Bitcode/Writer/BitcodeWriter.cpp	2280	RECORD_EMIT	UNRESOLVED_CONTEXT	Stream.EmitRecord(bitc::METADATA_MODULE, Record, Abbrev);
release-22.1.8	llvm/lib/Bitcode/Writer/BitcodeWriter.cpp	2289	RECORD_EMIT	ModuleBitcodeWriter::writeDIAssignID	Stream.EmitRecord(bitc::METADATA_ASSIGN_ID, Record, Abbrev);
release-22.1.8	llvm/lib/Bitcode/Writer/BitcodeWriter.cpp	2301	RECORD_EMIT	UNRESOLVED_CONTEXT	Stream.EmitRecord(bitc::METADATA_TEMPLATE_TYPE, Record, Abbrev);
release-22.1.8	llvm/lib/Bitcode/Writer/BitcodeWriter.cpp	2315	RECORD_EMIT	UNRESOLVED_CONTEXT	Stream.EmitRecord(bitc::METADATA_TEMPLATE_VALUE, Record, Abbrev);
release-22.1.8	llvm/lib/Bitcode/Writer/BitcodeWriter.cpp	2337	RECORD_EMIT	UNRESOLVED_CONTEXT	Stream.EmitRecord(bitc::METADATA_GLOBAL_VAR, Record, Abbrev);
release-22.1.8	llvm/lib/Bitcode/Writer/BitcodeWriter.cpp	2369	RECORD_EMIT	UNRESOLVED_CONTEXT	Stream.EmitRecord(bitc::METADATA_LOCAL_VAR, Record, Abbrev);
release-22.1.8	llvm/lib/Bitcode/Writer/BitcodeWriter.cpp	2387	RECORD_EMIT	UNRESOLVED_CONTEXT	Stream.EmitRecord(bitc::METADATA_LABEL, Record, Abbrev);
release-22.1.8	llvm/lib/Bitcode/Writer/BitcodeWriter.cpp	2399	RECORD_EMIT	UNRESOLVED_CONTEXT	Stream.EmitRecord(bitc::METADATA_EXPRESSION, Record, Abbrev);
release-22.1.8	llvm/lib/Bitcode/Writer/BitcodeWriter.cpp	2410	RECORD_EMIT	ModuleBitcodeWriter::writeDIGlobalVariableExpression	Stream.EmitRecord(bitc::METADATA_GLOBAL_VAR_EXPR, Record, Abbrev);
release-22.1.8	llvm/lib/Bitcode/Writer/BitcodeWriter.cpp	2426	RECORD_EMIT	UNRESOLVED_CONTEXT	Stream.EmitRecord(bitc::METADATA_OBJC_PROPERTY, Record, Abbrev);
release-22.1.8	llvm/lib/Bitcode/Writer/BitcodeWriter.cpp	2442	RECORD_EMIT	UNRESOLVED_CONTEXT	Stream.EmitRecord(bitc::METADATA_IMPORTED_ENTITY, Record, Abbrev);
release-22.1.8	llvm/lib/Bitcode/Writer/BitcodeWriter.cpp	2451	LOCAL_ABBREV_DEFINE	std::move	return Stream.EmitAbbrev(std::move(Abbv));
release-22.1.8	llvm/lib/Bitcode/Writer/BitcodeWriter.cpp	2464	RECORD_EMIT	UNRESOLVED_CONTEXT	Stream.EmitRecord(bitc::METADATA_NAME, Record, Abbrev);
release-22.1.8	llvm/lib/Bitcode/Writer/BitcodeWriter.cpp	2470	RECORD_EMIT	UNRESOLVED_CONTEXT	Stream.EmitRecord(bitc::METADATA_NAMED_NODE, Record, 0);
release-22.1.8	llvm/lib/Bitcode/Writer/BitcodeWriter.cpp	2481	LOCAL_ABBREV_DEFINE	std::move	return Stream.EmitAbbrev(std::move(Abbv));
release-22.1.8	llvm/lib/Bitcode/Writer/BitcodeWriter.cpp	2514	RECORD_WITH_BLOB	UNRESOLVED_CONTEXT	Stream.EmitRecordWithBlob(createMetadataStringsAbbrev(), Record, Blob);
release-22.1.8	llvm/lib/Bitcode/Writer/BitcodeWriter.cpp	2567	BLOCK_ENTER	ModuleBitcodeWriter::writeModuleMetadata	Stream.EnterSubblock(bitc::METADATA_BLOCK_ID, 4);
release-22.1.8	llvm/lib/Bitcode/Writer/BitcodeWriter.cpp	2583	LOCAL_ABBREV_DEFINE	std::move	unsigned OffsetAbbrev = Stream.EmitAbbrev(std::move(Abbv));
release-22.1.8	llvm/lib/Bitcode/Writer/BitcodeWriter.cpp	2589	LOCAL_ABBREV_DEFINE	std::move	unsigned IndexAbbrev = Stream.EmitAbbrev(std::move(Abbv));
release-22.1.8	llvm/lib/Bitcode/Writer/BitcodeWriter.cpp	2602	RECORD_EMIT	UNRESOLVED_CONTEXT	Stream.EmitRecord(bitc::METADATA_INDEX_OFFSET, Vals, OffsetAbbrev);
release-22.1.8	llvm/lib/Bitcode/Writer/BitcodeWriter.cpp	2622	BACKPATCH	UNRESOLVED_CONTEXT	Stream.BackpatchWord64(IndexOffsetRecordBitPos - 64,
release-22.1.8	llvm/lib/Bitcode/Writer/BitcodeWriter.cpp	2633	RECORD_EMIT	UNRESOLVED_CONTEXT	Stream.EmitRecord(bitc::METADATA_INDEX, IndexPos, IndexAbbrev);
release-22.1.8	llvm/lib/Bitcode/Writer/BitcodeWriter.cpp	2644	RECORD_EMIT	UNRESOLVED_CONTEXT	Stream.EmitRecord(bitc::METADATA_GLOBAL_DECL_ATTACHMENT, Record);
release-22.1.8	llvm/lib/Bitcode/Writer/BitcodeWriter.cpp	2665	BLOCK_ENTER	ModuleBitcodeWriter::writeFunctionMetadata	Stream.EnterSubblock(bitc::METADATA_BLOCK_ID, 3);
release-22.1.8	llvm/lib/Bitcode/Writer/BitcodeWriter.cpp	2684	BLOCK_ENTER	ModuleBitcodeWriter::writeFunctionMetadataAttachment	Stream.EnterSubblock(bitc::METADATA_ATTACHMENT_ID, 3);
release-22.1.8	llvm/lib/Bitcode/Writer/BitcodeWriter.cpp	2690	RECORD_EMIT	ModuleBitcodeWriter::writeFunctionMetadataAttachment	Stream.EmitRecord(bitc::METADATA_ATTACHMENT, Record, 0);
release-22.1.8	llvm/lib/Bitcode/Writer/BitcodeWriter.cpp	2711	RECORD_EMIT	UNRESOLVED_CONTEXT	Stream.EmitRecord(bitc::METADATA_ATTACHMENT, Record, 0);
release-22.1.8	llvm/lib/Bitcode/Writer/BitcodeWriter.cpp	2728	BLOCK_ENTER	UNRESOLVED_CONTEXT	Stream.EnterSubblock(bitc::METADATA_KIND_BLOCK_ID, 3);
release-22.1.8	llvm/lib/Bitcode/Writer/BitcodeWriter.cpp	2735	RECORD_EMIT	UNRESOLVED_CONTEXT	Stream.EmitRecord(bitc::METADATA_KIND, Record, 0);
release-22.1.8	llvm/lib/Bitcode/Writer/BitcodeWriter.cpp	2755	BLOCK_ENTER	UNRESOLVED_CONTEXT	Stream.EnterSubblock(bitc::OPERAND_BUNDLE_TAGS_BLOCK_ID, 3);
release-22.1.8	llvm/lib/Bitcode/Writer/BitcodeWriter.cpp	2762	RECORD_EMIT	UNRESOLVED_CONTEXT	Stream.EmitRecord(bitc::OPERAND_BUNDLE_TAG, Record, 0);
release-22.1.8	llvm/lib/Bitcode/Writer/BitcodeWriter.cpp	2775	BLOCK_ENTER	ModuleBitcodeWriter::writeSyncScopeNames	Stream.EnterSubblock(bitc::SYNC_SCOPE_NAMES_BLOCK_ID, 2);
release-22.1.8	llvm/lib/Bitcode/Writer/BitcodeWriter.cpp	2780	RECORD_EMIT	UNRESOLVED_CONTEXT	Stream.EmitRecord(bitc::SYNC_SCOPE_NAME, Record, 0);
release-22.1.8	llvm/lib/Bitcode/Writer/BitcodeWriter.cpp	2791	BLOCK_ENTER	ModuleBitcodeWriter::writeConstants	Stream.EnterSubblock(bitc::CONSTANTS_BLOCK_ID, 4);
release-22.1.8	llvm/lib/Bitcode/Writer/BitcodeWriter.cpp	2804	LOCAL_ABBREV_DEFINE	std::move	AggregateAbbrev = Stream.EmitAbbrev(std::move(Abbv));
release-22.1.8	llvm/lib/Bitcode/Writer/BitcodeWriter.cpp	2811	LOCAL_ABBREV_DEFINE	std::move	String8Abbrev = Stream.EmitAbbrev(std::move(Abbv));
release-22.1.8	llvm/lib/Bitcode/Writer/BitcodeWriter.cpp	2817	LOCAL_ABBREV_DEFINE	std::move	CString7Abbrev = Stream.EmitAbbrev(std::move(Abbv));
release-22.1.8	llvm/lib/Bitcode/Writer/BitcodeWriter.cpp	2823	LOCAL_ABBREV_DEFINE	std::move	CString6Abbrev = Stream.EmitAbbrev(std::move(Abbv));
release-22.1.8	llvm/lib/Bitcode/Writer/BitcodeWriter.cpp	2836	RECORD_EMIT	UNRESOLVED_CONTEXT	Stream.EmitRecord(bitc::CST_CODE_SETTYPE, Record,
release-22.1.8	llvm/lib/Bitcode/Writer/BitcodeWriter.cpp	2856	RECORD_EMIT	UNRESOLVED_CONTEXT	Stream.EmitRecord(bitc::CST_CODE_INLINEASM, Record);
release-22.1.8	llvm/lib/Bitcode/Writer/BitcodeWriter.cpp	3045	RECORD_EMIT	UNRESOLVED_CONTEXT	Stream.EmitRecord(Code, Record, AbbrevToUse);
release-22.1.8	llvm/lib/Bitcode/Writer/BitcodeWriter.cpp	3110	RECORD_EMIT	UNRESOLVED_CONTEXT	Stream.EmitRecord(bitc::FUNC_CODE_OPERAND_BUNDLE, Record);
release-22.1.8	llvm/lib/Bitcode/Writer/BitcodeWriter.cpp	3432	RECORD_EMIT	UNRESOLVED_CONTEXT	Stream.EmitRecord(Code, Vals64, AbbrevToUse);
release-22.1.8	llvm/lib/Bitcode/Writer/BitcodeWriter.cpp	3592	RECORD_EMIT	UNRESOLVED_CONTEXT	Stream.EmitRecord(Code, Vals, AbbrevToUse);
release-22.1.8	llvm/lib/Bitcode/Writer/BitcodeWriter.cpp	3609	BACKPATCH	UNRESOLVED_CONTEXT	Stream.BackpatchWord(VSTOffsetPlaceholder, VSTOffset / 32 + 1);
release-22.1.8	llvm/lib/Bitcode/Writer/BitcodeWriter.cpp	3611	BLOCK_ENTER	UNRESOLVED_CONTEXT	Stream.EnterSubblock(bitc::VALUE_SYMTAB_BLOCK_ID, 4);
release-22.1.8	llvm/lib/Bitcode/Writer/BitcodeWriter.cpp	3617	LOCAL_ABBREV_DEFINE	std::move	unsigned FnEntryAbbrev = Stream.EmitAbbrev(std::move(Abbv));
release-22.1.8	llvm/lib/Bitcode/Writer/BitcodeWriter.cpp	3636	RECORD_EMIT	UNRESOLVED_CONTEXT	Stream.EmitRecord(bitc::VST_CODE_FNENTRY, Record, FnEntryAbbrev);
release-22.1.8	llvm/lib/Bitcode/Writer/BitcodeWriter.cpp	3648	BLOCK_ENTER	ModuleBitcodeWriter::writeFunctionLevelValueSymbolTable	Stream.EnterSubblock(bitc::VALUE_SYMTAB_BLOCK_ID, 4);
release-22.1.8	llvm/lib/Bitcode/Writer/BitcodeWriter.cpp	3680	RECORD_EMIT	UNRESOLVED_CONTEXT	Stream.EmitRecord(Code, NameVals, AbbrevToUse);
release-22.1.8	llvm/lib/Bitcode/Writer/BitcodeWriter.cpp	3697	RECORD_EMIT	UNRESOLVED_CONTEXT	Stream.EmitRecord(Code, Record);
release-22.1.8	llvm/lib/Bitcode/Writer/BitcodeWriter.cpp	3711	BLOCK_ENTER	UNRESOLVED_CONTEXT	Stream.EnterSubblock(bitc::USELIST_BLOCK_ID, 3);
release-22.1.8	llvm/lib/Bitcode/Writer/BitcodeWriter.cpp	3727	BLOCK_ENTER	ModuleBitcodeWriter::writeFunction	Stream.EnterSubblock(bitc::FUNCTION_BLOCK_ID, 5);
release-22.1.8	llvm/lib/Bitcode/Writer/BitcodeWriter.cpp	3735	RECORD_EMIT	UNRESOLVED_CONTEXT	Stream.EmitRecord(bitc::FUNC_CODE_DECLAREBLOCKS, Vals);
release-22.1.8	llvm/lib/Bitcode/Writer/BitcodeWriter.cpp	3769	RECORD_EMIT	UNRESOLVED_CONTEXT	Stream.EmitRecord(bitc::FUNC_CODE_DEBUG_LOC_AGAIN, Vals);
release-22.1.8	llvm/lib/Bitcode/Writer/BitcodeWriter.cpp	3778	RECORD_EMIT	UNRESOLVED_CONTEXT	Stream.EmitRecord(bitc::FUNC_CODE_DEBUG_LOC, Vals,
release-22.1.8	llvm/lib/Bitcode/Writer/BitcodeWriter.cpp	3820	RECORD_EMIT	UNRESOLVED_CONTEXT	Stream.EmitRecord(bitc::FUNC_CODE_DEBUG_RECORD_LABEL, Vals);
release-22.1.8	llvm/lib/Bitcode/Writer/BitcodeWriter.cpp	3841	RECORD_EMIT	UNRESOLVED_CONTEXT	Stream.EmitRecord(bitc::FUNC_CODE_DEBUG_RECORD_VALUE_SIMPLE, Vals,
release-22.1.8	llvm/lib/Bitcode/Writer/BitcodeWriter.cpp	3844	RECORD_EMIT	UNRESOLVED_CONTEXT	Stream.EmitRecord(bitc::FUNC_CODE_DEBUG_RECORD_VALUE, Vals);
release-22.1.8	llvm/lib/Bitcode/Writer/BitcodeWriter.cpp	3847	RECORD_EMIT	UNRESOLVED_CONTEXT	Stream.EmitRecord(bitc::FUNC_CODE_DEBUG_RECORD_DECLARE, Vals);
release-22.1.8	llvm/lib/Bitcode/Writer/BitcodeWriter.cpp	3850	RECORD_EMIT	UNRESOLVED_CONTEXT	Stream.EmitRecord(bitc::FUNC_CODE_DEBUG_RECORD_DECLARE_VALUE, Vals);
release-22.1.8	llvm/lib/Bitcode/Writer/BitcodeWriter.cpp	3857	RECORD_EMIT	UNRESOLVED_CONTEXT	Stream.EmitRecord(bitc::FUNC_CODE_DEBUG_RECORD_ASSIGN, Vals);
release-22.1.8	llvm/lib/Bitcode/Writer/BitcodeWriter.cpp	3886	RECORD_EMIT	llvm::enumerate	Stream.EmitRecord(bitc::FUNC_CODE_BLOCKADDR_USERS, Vals);
release-22.1.8	llvm/lib/Bitcode/Writer/BitcodeWriter.cpp	3921	BLOCKINFO_ABBREV_DEFINE	UNRESOLVED_CONTEXT	if (Stream.EmitBlockInfoAbbrev(bitc::VALUE_SYMTAB_BLOCK_ID, Abbv) !=
release-22.1.8	llvm/lib/Bitcode/Writer/BitcodeWriter.cpp	3932	BLOCKINFO_ABBREV_DEFINE	UNRESOLVED_CONTEXT	if (Stream.EmitBlockInfoAbbrev(bitc::VALUE_SYMTAB_BLOCK_ID, Abbv) !=
release-22.1.8	llvm/lib/Bitcode/Writer/BitcodeWriter.cpp	3942	BLOCKINFO_ABBREV_DEFINE	UNRESOLVED_CONTEXT	if (Stream.EmitBlockInfoAbbrev(bitc::VALUE_SYMTAB_BLOCK_ID, Abbv) !=
release-22.1.8	llvm/lib/Bitcode/Writer/BitcodeWriter.cpp	3952	BLOCKINFO_ABBREV_DEFINE	UNRESOLVED_CONTEXT	if (Stream.EmitBlockInfoAbbrev(bitc::VALUE_SYMTAB_BLOCK_ID, Abbv) !=
release-22.1.8	llvm/lib/Bitcode/Writer/BitcodeWriter.cpp	3961	BLOCKINFO_ABBREV_DEFINE	UNRESOLVED_CONTEXT	if (Stream.EmitBlockInfoAbbrev(bitc::CONSTANTS_BLOCK_ID, Abbv) !=
release-22.1.8	llvm/lib/Bitcode/Writer/BitcodeWriter.cpp	3970	BLOCKINFO_ABBREV_DEFINE	UNRESOLVED_CONTEXT	if (Stream.EmitBlockInfoAbbrev(bitc::CONSTANTS_BLOCK_ID, Abbv) !=
release-22.1.8	llvm/lib/Bitcode/Writer/BitcodeWriter.cpp	3983	BLOCKINFO_ABBREV_DEFINE	UNRESOLVED_CONTEXT	if (Stream.EmitBlockInfoAbbrev(bitc::CONSTANTS_BLOCK_ID, Abbv) !=
release-22.1.8	llvm/lib/Bitcode/Writer/BitcodeWriter.cpp	3990	BLOCKINFO_ABBREV_DEFINE	UNRESOLVED_CONTEXT	if (Stream.EmitBlockInfoAbbrev(bitc::CONSTANTS_BLOCK_ID, Abbv) !=
release-22.1.8	llvm/lib/Bitcode/Writer/BitcodeWriter.cpp	4004	BLOCKINFO_ABBREV_DEFINE	UNRESOLVED_CONTEXT	if (Stream.EmitBlockInfoAbbrev(bitc::FUNCTION_BLOCK_ID, Abbv) !=
release-22.1.8	llvm/lib/Bitcode/Writer/BitcodeWriter.cpp	4015	BLOCKINFO_ABBREV_DEFINE	UNRESOLVED_CONTEXT	if (Stream.EmitBlockInfoAbbrev(bitc::FUNCTION_BLOCK_ID, Abbv) !=
release-22.1.8	llvm/lib/Bitcode/Writer/BitcodeWriter.cpp	4024	BLOCKINFO_ABBREV_DEFINE	UNRESOLVED_CONTEXT	if (Stream.EmitBlockInfoAbbrev(bitc::FUNCTION_BLOCK_ID, Abbv) !=
release-22.1.8	llvm/lib/Bitcode/Writer/BitcodeWriter.cpp	4034	BLOCKINFO_ABBREV_DEFINE	UNRESOLVED_CONTEXT	if (Stream.EmitBlockInfoAbbrev(bitc::FUNCTION_BLOCK_ID, Abbv) !=
release-22.1.8	llvm/lib/Bitcode/Writer/BitcodeWriter.cpp	4044	BLOCKINFO_ABBREV_DEFINE	UNRESOLVED_CONTEXT	if (Stream.EmitBlockInfoAbbrev(bitc::FUNCTION_BLOCK_ID, Abbv) !=
release-22.1.8	llvm/lib/Bitcode/Writer/BitcodeWriter.cpp	4055	BLOCKINFO_ABBREV_DEFINE	UNRESOLVED_CONTEXT	if (Stream.EmitBlockInfoAbbrev(bitc::FUNCTION_BLOCK_ID, Abbv) !=
release-22.1.8	llvm/lib/Bitcode/Writer/BitcodeWriter.cpp	4065	BLOCKINFO_ABBREV_DEFINE	UNRESOLVED_CONTEXT	if (Stream.EmitBlockInfoAbbrev(bitc::FUNCTION_BLOCK_ID, Abbv) !=
release-22.1.8	llvm/lib/Bitcode/Writer/BitcodeWriter.cpp	4076	BLOCKINFO_ABBREV_DEFINE	UNRESOLVED_CONTEXT	if (Stream.EmitBlockInfoAbbrev(bitc::FUNCTION_BLOCK_ID, Abbv) !=
release-22.1.8	llvm/lib/Bitcode/Writer/BitcodeWriter.cpp	4084	BLOCKINFO_ABBREV_DEFINE	UNRESOLVED_CONTEXT	if (Stream.EmitBlockInfoAbbrev(bitc::FUNCTION_BLOCK_ID, Abbv) !=
release-22.1.8	llvm/lib/Bitcode/Writer/BitcodeWriter.cpp	4092	BLOCKINFO_ABBREV_DEFINE	UNRESOLVED_CONTEXT	if (Stream.EmitBlockInfoAbbrev(bitc::FUNCTION_BLOCK_ID, Abbv) !=
release-22.1.8	llvm/lib/Bitcode/Writer/BitcodeWriter.cpp	4101	BLOCKINFO_ABBREV_DEFINE	UNRESOLVED_CONTEXT	if (Stream.EmitBlockInfoAbbrev(bitc::FUNCTION_BLOCK_ID, Abbv) !=
release-22.1.8	llvm/lib/Bitcode/Writer/BitcodeWriter.cpp	4112	BLOCKINFO_ABBREV_DEFINE	UNRESOLVED_CONTEXT	if (Stream.EmitBlockInfoAbbrev(bitc::FUNCTION_BLOCK_ID, Abbv) !=
release-22.1.8	llvm/lib/Bitcode/Writer/BitcodeWriter.cpp	4119	BLOCKINFO_ABBREV_DEFINE	UNRESOLVED_CONTEXT	if (Stream.EmitBlockInfoAbbrev(bitc::FUNCTION_BLOCK_ID, Abbv) !=
release-22.1.8	llvm/lib/Bitcode/Writer/BitcodeWriter.cpp	4130	BLOCKINFO_ABBREV_DEFINE	UNRESOLVED_CONTEXT	if (Stream.EmitBlockInfoAbbrev(bitc::FUNCTION_BLOCK_ID, Abbv) !=
release-22.1.8	llvm/lib/Bitcode/Writer/BitcodeWriter.cpp	4140	BLOCKINFO_ABBREV_DEFINE	UNRESOLVED_CONTEXT	if (Stream.EmitBlockInfoAbbrev(bitc::FUNCTION_BLOCK_ID, Abbv) !=
release-22.1.8	llvm/lib/Bitcode/Writer/BitcodeWriter.cpp	4151	BLOCKINFO_ABBREV_DEFINE	UNRESOLVED_CONTEXT	if (Stream.EmitBlockInfoAbbrev(bitc::FUNCTION_BLOCK_ID, Abbv) !=
release-22.1.8	llvm/lib/Bitcode/Writer/BitcodeWriter.cpp	4162	BLOCKINFO_ABBREV_DEFINE	UNRESOLVED_CONTEXT	if (Stream.EmitBlockInfoAbbrev(bitc::FUNCTION_BLOCK_ID, Abbv) !=
release-22.1.8	llvm/lib/Bitcode/Writer/BitcodeWriter.cpp	4177	BLOCKINFO_ABBREV_DEFINE	UNRESOLVED_CONTEXT	if (Stream.EmitBlockInfoAbbrev(bitc::FUNCTION_BLOCK_ID, Abbv) !=
release-22.1.8	llvm/lib/Bitcode/Writer/BitcodeWriter.cpp	4187	BLOCK_ENTER	IndexBitcodeWriter::writeModStrings	Stream.EnterSubblock(bitc::MODULE_STRTAB_BLOCK_ID, 3);
release-22.1.8	llvm/lib/Bitcode/Writer/BitcodeWriter.cpp	4197	LOCAL_ABBREV_DEFINE	std::move	unsigned Abbrev8Bit = Stream.EmitAbbrev(std::move(Abbv));
release-22.1.8	llvm/lib/Bitcode/Writer/BitcodeWriter.cpp	4205	LOCAL_ABBREV_DEFINE	std::move	unsigned Abbrev7Bit = Stream.EmitAbbrev(std::move(Abbv));
release-22.1.8	llvm/lib/Bitcode/Writer/BitcodeWriter.cpp	4213	LOCAL_ABBREV_DEFINE	std::move	unsigned Abbrev6Bit = Stream.EmitAbbrev(std::move(Abbv));
release-22.1.8	llvm/lib/Bitcode/Writer/BitcodeWriter.cpp	4223	LOCAL_ABBREV_DEFINE	std::move	unsigned AbbrevHash = Stream.EmitAbbrev(std::move(Abbv));
release-22.1.8	llvm/lib/Bitcode/Writer/BitcodeWriter.cpp	4242	RECORD_EMIT	UNRESOLVED_CONTEXT	Stream.EmitRecord(bitc::MST_CODE_ENTRY, Vals, AbbrevToUse);
release-22.1.8	llvm/lib/Bitcode/Writer/BitcodeWriter.cpp	4248	RECORD_EMIT	llvm::any_of	Stream.EmitRecord(bitc::MST_CODE_HASH, Vals, AbbrevHash);
release-22.1.8	llvm/lib/Bitcode/Writer/BitcodeWriter.cpp	4263	RECORD_EMIT	entry	Stream.EmitRecord(bitc::FS_TYPE_TESTS, FS->type_tests());
release-22.1.8	llvm/lib/Bitcode/Writer/BitcodeWriter.cpp	4276	RECORD_EMIT	UNRESOLVED_CONTEXT	Stream.EmitRecord(Ty, Record);
release-22.1.8	llvm/lib/Bitcode/Writer/BitcodeWriter.cpp	4291	RECORD_EMIT	llvm::append_range	Stream.EmitRecord(Ty, Record);
release-22.1.8	llvm/lib/Bitcode/Writer/BitcodeWriter.cpp	4329	RECORD_EMIT	UNRESOLVED_CONTEXT	Stream.EmitRecord(bitc::FS_PARAM_ACCESS, Record);
release-22.1.8	llvm/lib/Bitcode/Writer/BitcodeWriter.cpp	4457	RECORD_EMIT	std::move	Stream.EmitRecord(bitc::FS_CONTEXT_RADIX_TREE_ARRAY, Builder.getRadixArray(),
release-22.1.8	llvm/lib/Bitcode/Writer/BitcodeWriter.cpp	4486	RECORD_EMIT	llvm::append_range	Stream.EmitRecord(PerModule ? bitc::FS_PERMODULE_CALLSITE_INFO
release-22.1.8	llvm/lib/Bitcode/Writer/BitcodeWriter.cpp	4538	RECORD_EMIT	UNRESOLVED_CONTEXT	Stream.EmitRecord(bitc::FS_ALLOC_CONTEXT_IDS, ContextIds,
release-22.1.8	llvm/lib/Bitcode/Writer/BitcodeWriter.cpp	4541	RECORD_EMIT	UNRESOLVED_CONTEXT	Stream.EmitRecord(PerModule
release-22.1.8	llvm/lib/Bitcode/Writer/BitcodeWriter.cpp	4602	RECORD_EMIT	UNRESOLVED_CONTEXT	Stream.EmitRecord(Code, NameVals, FSAbbrev);
release-22.1.8	llvm/lib/Bitcode/Writer/BitcodeWriter.cpp	4636	RECORD_EMIT	llvm::sort	Stream.EmitRecord(bitc::FS_PERMODULE_GLOBALVAR_INIT_REFS, NameVals,
release-22.1.8	llvm/lib/Bitcode/Writer/BitcodeWriter.cpp	4645	RECORD_EMIT	UNRESOLVED_CONTEXT	Stream.EmitRecord(bitc::FS_PERMODULE_VTABLE_GLOBALVAR_INIT_REFS, NameVals,
release-22.1.8	llvm/lib/Bitcode/Writer/BitcodeWriter.cpp	4660	BLOCK_ENTER	ModuleBitcodeWriterBase::writePerModuleGlobalValueSummary	Stream.EnterSubblock(IsThinLTO ? bitc::GLOBALVAL_SUMMARY_BLOCK_ID
release-22.1.8	llvm/lib/Bitcode/Writer/BitcodeWriter.cpp	4664	RECORD_EMIT	UNRESOLVED_CONTEXT	Stream.EmitRecord(
release-22.1.8	llvm/lib/Bitcode/Writer/BitcodeWriter.cpp	4676	RECORD_EMIT	UNRESOLVED_CONTEXT	Stream.EmitRecord(bitc::FS_FLAGS, ArrayRef<uint64_t>{Flags});
release-22.1.8	llvm/lib/Bitcode/Writer/BitcodeWriter.cpp	4689	LOCAL_ABBREV_DEFINE	std::move	unsigned ValueGuidAbbrev = Stream.EmitAbbrev(std::move(Abbv));
release-22.1.8	llvm/lib/Bitcode/Writer/BitcodeWriter.cpp	4692	RECORD_EMIT	std::move	Stream.EmitRecord(bitc::FS_VALUE_GUID,
release-22.1.8	llvm/lib/Bitcode/Writer/BitcodeWriter.cpp	4707	LOCAL_ABBREV_DEFINE	std::move	unsigned StackIdAbbvId = Stream.EmitAbbrev(std::move(StackIdAbbv));
release-22.1.8	llvm/lib/Bitcode/Writer/BitcodeWriter.cpp	4714	RECORD_EMIT	std::move	Stream.EmitRecord(bitc::FS_STACK_IDS, Vals, StackIdAbbvId);
release-22.1.8	llvm/lib/Bitcode/Writer/BitcodeWriter.cpp	4732	LOCAL_ABBREV_DEFINE	std::move	ContextIdAbbvId = Stream.EmitAbbrev(std::move(ContextIdAbbv));
release-22.1.8	llvm/lib/Bitcode/Writer/BitcodeWriter.cpp	4748	LOCAL_ABBREV_DEFINE	std::move	unsigned FSCallsProfileAbbrev = Stream.EmitAbbrev(std::move(Abbv));
release-22.1.8	llvm/lib/Bitcode/Writer/BitcodeWriter.cpp	4763	LOCAL_ABBREV_DEFINE	std::move	unsigned FSCallsRelBFAbbrev = Stream.EmitAbbrev(std::move(Abbv));
release-22.1.8	llvm/lib/Bitcode/Writer/BitcodeWriter.cpp	4772	LOCAL_ABBREV_DEFINE	std::move	unsigned FSModRefsAbbrev = Stream.EmitAbbrev(std::move(Abbv));
release-22.1.8	llvm/lib/Bitcode/Writer/BitcodeWriter.cpp	4783	LOCAL_ABBREV_DEFINE	std::move	unsigned FSModVTableRefsAbbrev = Stream.EmitAbbrev(std::move(Abbv));
release-22.1.8	llvm/lib/Bitcode/Writer/BitcodeWriter.cpp	4791	LOCAL_ABBREV_DEFINE	std::move	unsigned FSAliasAbbrev = Stream.EmitAbbrev(std::move(Abbv));
release-22.1.8	llvm/lib/Bitcode/Writer/BitcodeWriter.cpp	4801	LOCAL_ABBREV_DEFINE	std::move	unsigned TypeIdCompatibleVtableAbbrev = Stream.EmitAbbrev(std::move(Abbv));
release-22.1.8	llvm/lib/Bitcode/Writer/BitcodeWriter.cpp	4809	LOCAL_ABBREV_DEFINE	std::move	unsigned CallsiteAbbrev = Stream.EmitAbbrev(std::move(Abbv));
release-22.1.8	llvm/lib/Bitcode/Writer/BitcodeWriter.cpp	4818	LOCAL_ABBREV_DEFINE	std::move	unsigned AllocAbbrev = Stream.EmitAbbrev(std::move(Abbv));
release-22.1.8	llvm/lib/Bitcode/Writer/BitcodeWriter.cpp	4825	LOCAL_ABBREV_DEFINE	std::move	unsigned RadixAbbrev = Stream.EmitAbbrev(std::move(Abbv));
release-22.1.8	llvm/lib/Bitcode/Writer/BitcodeWriter.cpp	4904	RECORD_EMIT	UNRESOLVED_CONTEXT	Stream.EmitRecord(bitc::FS_ALIAS, NameVals, FSAliasAbbrev);
release-22.1.8	llvm/lib/Bitcode/Writer/BitcodeWriter.cpp	4911	RECORD_EMIT	UNRESOLVED_CONTEXT	Stream.EmitRecord(bitc::FS_TYPE_ID_METADATA, NameVals,
release-22.1.8	llvm/lib/Bitcode/Writer/BitcodeWriter.cpp	4917	RECORD_EMIT	UNRESOLVED_CONTEXT	Stream.EmitRecord(bitc::FS_BLOCK_COUNT,
release-22.1.8	llvm/lib/Bitcode/Writer/BitcodeWriter.cpp	4925	BLOCK_ENTER	IndexBitcodeWriter::writeCombinedGlobalValueSummary	Stream.EnterSubblock(bitc::GLOBALVAL_SUMMARY_BLOCK_ID, 4);
release-22.1.8	llvm/lib/Bitcode/Writer/BitcodeWriter.cpp	4926	RECORD_EMIT	IndexBitcodeWriter::writeCombinedGlobalValueSummary	Stream.EmitRecord(
release-22.1.8	llvm/lib/Bitcode/Writer/BitcodeWriter.cpp	4931	RECORD_EMIT	IndexBitcodeWriter::writeCombinedGlobalValueSummary	Stream.EmitRecord(bitc::FS_FLAGS, ArrayRef<uint64_t>{Index.getFlags()});
release-22.1.8	llvm/lib/Bitcode/Writer/BitcodeWriter.cpp	4939	LOCAL_ABBREV_DEFINE	std::move	unsigned ValueGuidAbbrev = Stream.EmitAbbrev(std::move(Abbv));
release-22.1.8	llvm/lib/Bitcode/Writer/BitcodeWriter.cpp	4942	RECORD_EMIT	std::move	Stream.EmitRecord(bitc::FS_VALUE_GUID,
release-22.1.8	llvm/lib/Bitcode/Writer/BitcodeWriter.cpp	4959	LOCAL_ABBREV_DEFINE	std::move	unsigned StackIdAbbvId = Stream.EmitAbbrev(std::move(StackIdAbbv));
release-22.1.8	llvm/lib/Bitcode/Writer/BitcodeWriter.cpp	4966	RECORD_EMIT	std::move	Stream.EmitRecord(bitc::FS_STACK_IDS, Vals, StackIdAbbvId);
release-22.1.8	llvm/lib/Bitcode/Writer/BitcodeWriter.cpp	4984	LOCAL_ABBREV_DEFINE	std::move	unsigned FSCallsProfileAbbrev = Stream.EmitAbbrev(std::move(Abbv));
release-22.1.8	llvm/lib/Bitcode/Writer/BitcodeWriter.cpp	4994	LOCAL_ABBREV_DEFINE	std::move	unsigned FSModRefsAbbrev = Stream.EmitAbbrev(std::move(Abbv));
release-22.1.8	llvm/lib/Bitcode/Writer/BitcodeWriter.cpp	5003	LOCAL_ABBREV_DEFINE	std::move	unsigned FSAliasAbbrev = Stream.EmitAbbrev(std::move(Abbv));
release-22.1.8	llvm/lib/Bitcode/Writer/BitcodeWriter.cpp	5013	LOCAL_ABBREV_DEFINE	std::move	unsigned CallsiteAbbrev = Stream.EmitAbbrev(std::move(Abbv));
release-22.1.8	llvm/lib/Bitcode/Writer/BitcodeWriter.cpp	5026	LOCAL_ABBREV_DEFINE	std::move	unsigned AllocAbbrev = Stream.EmitAbbrev(std::move(Abbv));
release-22.1.8	llvm/lib/Bitcode/Writer/BitcodeWriter.cpp	5060	RECORD_EMIT	GlobalValue::isLocalLinkage	Stream.EmitRecord(bitc::FS_COMBINED_ORIGINAL_NAME, NameVals);
release-22.1.8	llvm/lib/Bitcode/Writer/BitcodeWriter.cpp	5071	LOCAL_ABBREV_DEFINE	std::move	unsigned RadixAbbrev = Stream.EmitAbbrev(std::move(Abbv));
release-22.1.8	llvm/lib/Bitcode/Writer/BitcodeWriter.cpp	5154	RECORD_EMIT	UNRESOLVED_CONTEXT	Stream.EmitRecord(bitc::FS_COMBINED_GLOBALVAR_INIT_REFS, NameVals,
release-22.1.8	llvm/lib/Bitcode/Writer/BitcodeWriter.cpp	5237	RECORD_EMIT	UNRESOLVED_CONTEXT	Stream.EmitRecord(bitc::FS_COMBINED_PROFILE, NameVals,
release-22.1.8	llvm/lib/Bitcode/Writer/BitcodeWriter.cpp	5258	RECORD_EMIT	UNRESOLVED_CONTEXT	Stream.EmitRecord(bitc::FS_COMBINED_ALIAS, NameVals, FSAliasAbbrev);
release-22.1.8	llvm/lib/Bitcode/Writer/BitcodeWriter.cpp	5283	RECORD_EMIT	llvm::sort	Stream.EmitRecord(Code, NameVals);
release-22.1.8	llvm/lib/Bitcode/Writer/BitcodeWriter.cpp	5298	RECORD_EMIT	UNRESOLVED_CONTEXT	Stream.EmitRecord(bitc::FS_TYPE_ID, NameVals);
release-22.1.8	llvm/lib/Bitcode/Writer/BitcodeWriter.cpp	5304	RECORD_EMIT	UNRESOLVED_CONTEXT	Stream.EmitRecord(bitc::FS_BLOCK_COUNT,
release-22.1.8	llvm/lib/Bitcode/Writer/BitcodeWriter.cpp	5313	BLOCK_ENTER	writeIdentificationBlock	Stream.EnterSubblock(bitc::IDENTIFICATION_BLOCK_ID, 5);
release-22.1.8	llvm/lib/Bitcode/Writer/BitcodeWriter.cpp	5320	LOCAL_ABBREV_DEFINE	std::move	auto StringAbbrev = Stream.EmitAbbrev(std::move(Abbv));
release-22.1.8	llvm/lib/Bitcode/Writer/BitcodeWriter.cpp	5328	LOCAL_ABBREV_DEFINE	std::move	auto EpochAbbrev = Stream.EmitAbbrev(std::move(Abbv));
release-22.1.8	llvm/lib/Bitcode/Writer/BitcodeWriter.cpp	5330	RECORD_EMIT	std::move	Stream.EmitRecord(bitc::IDENTIFICATION_CODE_EPOCH, Vals, EpochAbbrev);
release-22.1.8	llvm/lib/Bitcode/Writer/BitcodeWriter.cpp	5347	RECORD_EMIT	support::endian::read32be	Stream.EmitRecord(bitc::MODULE_CODE_HASH, Vals);
release-22.1.8	llvm/lib/Bitcode/Writer/BitcodeWriter.cpp	5358	BLOCK_ENTER	ModuleBitcodeWriter::write	Stream.EnterSubblock(bitc::MODULE_BLOCK_ID, 3);
release-22.1.8	llvm/lib/Bitcode/Writer/BitcodeWriter.cpp	5628	BLOCK_ENTER	IndexBitcodeWriter::write	Stream.EnterSubblock(bitc::MODULE_BLOCK_ID, 3);
release-22.1.8	llvm/lib/Bitcode/Writer/BitcodeWriter.cpp	5705	LOCAL_ABBREV_DEFINE	std::move	unsigned FilenameAbbrev = Stream.EmitAbbrev(std::move(Abbv));
release-22.1.8	llvm/lib/Bitcode/Writer/BitcodeWriter.cpp	5710	RECORD_EMIT	std::move	Stream.EmitRecord(bitc::MODULE_CODE_SOURCE_FILENAME, Vals, FilenameAbbrev);
release-22.1.8	llvm/lib/Bitcode/Writer/BitcodeWriter.cpp	5724	RECORD_EMIT	UNRESOLVED_CONTEXT	Stream.EmitRecord(bitc::MODULE_CODE_GLOBALVAR, Vals);
release-22.1.8	llvm/lib/Bitcode/Writer/BitcodeWriter.cpp	5738	RECORD_EMIT	UNRESOLVED_CONTEXT	Stream.EmitRecord(bitc::MODULE_CODE_FUNCTION, Vals);
release-22.1.8	llvm/lib/Bitcode/Writer/BitcodeWriter.cpp	5752	RECORD_EMIT	UNRESOLVED_CONTEXT	Stream.EmitRecord(bitc::MODULE_CODE_ALIAS, Vals);
release-22.1.8	llvm/lib/Bitcode/Writer/BitcodeWriter.cpp	5766	RECORD_EMIT	UNRESOLVED_CONTEXT	Stream.EmitRecord(bitc::MODULE_CODE_IFUNC, Vals);
release-22.1.8	llvm/lib/Bitcode/Writer/BitcodeWriter.cpp	5772	BLOCK_ENTER	ThinLinkBitcodeWriter::write	Stream.EnterSubblock(bitc::MODULE_BLOCK_ID, 3);
release-22.1.8	llvm/lib/Bitcode/Writer/BitcodeWriter.cpp	5781	RECORD_EMIT	UNRESOLVED_CONTEXT	Stream.EmitRecord(bitc::MODULE_CODE_HASH, ArrayRef<uint32_t>(*ModHash));
cutoff-main-a1194be1	llvm/lib/Bitcode/Writer/BitcodeWriter.cpp	185	RECORD_EMIT	BitcodeWriterBase::writeModuleVersion	Stream.EmitRecord(bitc::MODULE_CODE_VERSION, ArrayRef<uint64_t>{2});
cutoff-main-a1194be1	llvm/lib/Bitcode/Writer/BitcodeWriter.cpp	802	RECORD_EMIT	BitCodeAbbrevOp::isChar6	Stream.EmitRecord(Code, Vals, AbbrevToUse);
cutoff-main-a1194be1	llvm/lib/Bitcode/Writer/BitcodeWriter.cpp	1068	BLOCK_ENTER	ModuleBitcodeWriter::writeAttributeGroupTable	Stream.EnterSubblock(bitc::PARAMATTR_GROUP_BLOCK_ID, 3);
cutoff-main-a1194be1	llvm/lib/Bitcode/Writer/BitcodeWriter.cpp	1126	RECORD_EMIT	UNRESOLVED_CONTEXT	Stream.EmitRecord(bitc::PARAMATTR_GRP_CODE_ENTRY, Record);
cutoff-main-a1194be1	llvm/lib/Bitcode/Writer/BitcodeWriter.cpp	1137	BLOCK_ENTER	ModuleBitcodeWriter::writeAttributeTable	Stream.EnterSubblock(bitc::PARAMATTR_BLOCK_ID, 3);
cutoff-main-a1194be1	llvm/lib/Bitcode/Writer/BitcodeWriter.cpp	1147	RECORD_EMIT	UNRESOLVED_CONTEXT	Stream.EmitRecord(bitc::PARAMATTR_CODE_ENTRY, Record);
cutoff-main-a1194be1	llvm/lib/Bitcode/Writer/BitcodeWriter.cpp	1158	BLOCK_ENTER	ModuleBitcodeWriter::writeTypeTable	Stream.EnterSubblock(bitc::TYPE_BLOCK_ID_NEW, 4 /*count from # abbrevs */);
cutoff-main-a1194be1	llvm/lib/Bitcode/Writer/BitcodeWriter.cpp	1167	LOCAL_ABBREV_DEFINE	std::move	unsigned OpaquePtrAbbrev = Stream.EmitAbbrev(std::move(Abbv));
cutoff-main-a1194be1	llvm/lib/Bitcode/Writer/BitcodeWriter.cpp	1175	LOCAL_ABBREV_DEFINE	std::move	unsigned FunctionAbbrev = Stream.EmitAbbrev(std::move(Abbv));
cutoff-main-a1194be1	llvm/lib/Bitcode/Writer/BitcodeWriter.cpp	1183	LOCAL_ABBREV_DEFINE	std::move	unsigned StructAnonAbbrev = Stream.EmitAbbrev(std::move(Abbv));
cutoff-main-a1194be1	llvm/lib/Bitcode/Writer/BitcodeWriter.cpp	1190	LOCAL_ABBREV_DEFINE	std::move	unsigned StructNameAbbrev = Stream.EmitAbbrev(std::move(Abbv));
cutoff-main-a1194be1	llvm/lib/Bitcode/Writer/BitcodeWriter.cpp	1198	LOCAL_ABBREV_DEFINE	std::move	unsigned StructNamedAbbrev = Stream.EmitAbbrev(std::move(Abbv));
cutoff-main-a1194be1	llvm/lib/Bitcode/Writer/BitcodeWriter.cpp	1205	LOCAL_ABBREV_DEFINE	std::move	unsigned ArrayAbbrev = Stream.EmitAbbrev(std::move(Abbv));
cutoff-main-a1194be1	llvm/lib/Bitcode/Writer/BitcodeWriter.cpp	1209	RECORD_EMIT	std::move	Stream.EmitRecord(bitc::TYPE_CODE_NUMENTRY, TypeVals);
cutoff-main-a1194be1	llvm/lib/Bitcode/Writer/BitcodeWriter.cpp	1326	RECORD_EMIT	UNRESOLVED_CONTEXT	Stream.EmitRecord(Code, TypeVals, AbbrevToUse);
cutoff-main-a1194be1	llvm/lib/Bitcode/Writer/BitcodeWriter.cpp	1488	RECORD_EMIT	ModuleBitcodeWriter::writeComdats	Stream.EmitRecord(bitc::MODULE_CODE_COMDAT, Vals, /*AbbrevToUse=*/0);
cutoff-main-a1194be1	llvm/lib/Bitcode/Writer/BitcodeWriter.cpp	1507	LOCAL_ABBREV_DEFINE	std::move	unsigned VSTOffsetAbbrev = Stream.EmitAbbrev(std::move(Abbv));
cutoff-main-a1194be1	llvm/lib/Bitcode/Writer/BitcodeWriter.cpp	1511	RECORD_WITH_EXPLICIT_ABBREV	std::move	Stream.EmitRecordWithAbbrev(VSTOffsetAbbrev, Vals);
cutoff-main-a1194be1	llvm/lib/Bitcode/Writer/BitcodeWriter.cpp	1564	RECORD_EMIT	UNRESOLVED_CONTEXT	Stream.EmitRecord(bitc::MODULE_CODE_ASM_PROPERTY, Record);
cutoff-main-a1194be1	llvm/lib/Bitcode/Writer/BitcodeWriter.cpp	1638	LOCAL_ABBREV_DEFINE	std::move	SimpleGVarAbbrev = Stream.EmitAbbrev(std::move(Abbv));
cutoff-main-a1194be1	llvm/lib/Bitcode/Writer/BitcodeWriter.cpp	1656	LOCAL_ABBREV_DEFINE	std::move	unsigned FilenameAbbrev = Stream.EmitAbbrev(std::move(Abbv));
cutoff-main-a1194be1	llvm/lib/Bitcode/Writer/BitcodeWriter.cpp	1662	RECORD_EMIT	std::move	Stream.EmitRecord(bitc::MODULE_CODE_SOURCE_FILENAME, Vals, FilenameAbbrev);
cutoff-main-a1194be1	llvm/lib/Bitcode/Writer/BitcodeWriter.cpp	1715	RECORD_EMIT	UNRESOLVED_CONTEXT	Stream.EmitRecord(bitc::MODULE_CODE_GLOBALVAR, Vals, AbbrevToUse);
cutoff-main-a1194be1	llvm/lib/Bitcode/Writer/BitcodeWriter.cpp	1755	RECORD_EMIT	UNRESOLVED_CONTEXT	Stream.EmitRecord(bitc::MODULE_CODE_FUNCTION, Vals, AbbrevToUse);
cutoff-main-a1194be1	llvm/lib/Bitcode/Writer/BitcodeWriter.cpp	1779	RECORD_EMIT	UNRESOLVED_CONTEXT	Stream.EmitRecord(bitc::MODULE_CODE_ALIAS, Vals, AbbrevToUse);
cutoff-main-a1194be1	llvm/lib/Bitcode/Writer/BitcodeWriter.cpp	1797	RECORD_EMIT	UNRESOLVED_CONTEXT	Stream.EmitRecord(bitc::MODULE_CODE_IFUNC, Vals);
cutoff-main-a1194be1	llvm/lib/Bitcode/Writer/BitcodeWriter.cpp	1869	RECORD_EMIT	ModuleBitcodeWriter::writeValueAsMetadata	Stream.EmitRecord(bitc::METADATA_VALUE, Record, 0);
cutoff-main-a1194be1	llvm/lib/Bitcode/Writer/BitcodeWriter.cpp	1882	RECORD_EMIT	UNRESOLVED_CONTEXT	Stream.EmitRecord(N->isDistinct() ? bitc::METADATA_DISTINCT_NODE
cutoff-main-a1194be1	llvm/lib/Bitcode/Writer/BitcodeWriter.cpp	1901	LOCAL_ABBREV_DEFINE	std::move	return Stream.EmitAbbrev(std::move(Abbv));
cutoff-main-a1194be1	llvm/lib/Bitcode/Writer/BitcodeWriter.cpp	1918	RECORD_EMIT	UNRESOLVED_CONTEXT	Stream.EmitRecord(bitc::METADATA_LOCATION, Record, Abbrev);
cutoff-main-a1194be1	llvm/lib/Bitcode/Writer/BitcodeWriter.cpp	1933	LOCAL_ABBREV_DEFINE	std::move	return Stream.EmitAbbrev(std::move(Abbv));
cutoff-main-a1194be1	llvm/lib/Bitcode/Writer/BitcodeWriter.cpp	1949	RECORD_EMIT	UNRESOLVED_CONTEXT	Stream.EmitRecord(bitc::METADATA_GENERIC_DEBUG, Record, Abbrev);
cutoff-main-a1194be1	llvm/lib/Bitcode/Writer/BitcodeWriter.cpp	1963	RECORD_EMIT	UNRESOLVED_CONTEXT	Stream.EmitRecord(bitc::METADATA_SUBRANGE, Record, Abbrev);
cutoff-main-a1194be1	llvm/lib/Bitcode/Writer/BitcodeWriter.cpp	1976	RECORD_EMIT	UNRESOLVED_CONTEXT	Stream.EmitRecord(bitc::METADATA_GENERIC_SUBRANGE, Record, Abbrev);
cutoff-main-a1194be1	llvm/lib/Bitcode/Writer/BitcodeWriter.cpp	1989	RECORD_EMIT	UNRESOLVED_CONTEXT	Stream.EmitRecord(bitc::METADATA_ENUMERATOR, Record, Abbrev);
cutoff-main-a1194be1	llvm/lib/Bitcode/Writer/BitcodeWriter.cpp	2010	RECORD_EMIT	UNRESOLVED_CONTEXT	Stream.EmitRecord(bitc::METADATA_BASIC_TYPE, Record, Abbrev);
cutoff-main-a1194be1	llvm/lib/Bitcode/Writer/BitcodeWriter.cpp	2044	RECORD_EMIT	UNRESOLVED_CONTEXT	Stream.EmitRecord(bitc::METADATA_FIXED_POINT_TYPE, Record, Abbrev);
cutoff-main-a1194be1	llvm/lib/Bitcode/Writer/BitcodeWriter.cpp	2062	RECORD_EMIT	UNRESOLVED_CONTEXT	Stream.EmitRecord(bitc::METADATA_STRING_TYPE, Record, Abbrev);
cutoff-main-a1194be1	llvm/lib/Bitcode/Writer/BitcodeWriter.cpp	2097	RECORD_EMIT	UNRESOLVED_CONTEXT	Stream.EmitRecord(bitc::METADATA_DERIVED_TYPE, Record, Abbrev);
cutoff-main-a1194be1	llvm/lib/Bitcode/Writer/BitcodeWriter.cpp	2119	RECORD_EMIT	UNRESOLVED_CONTEXT	Stream.EmitRecord(bitc::METADATA_SUBRANGE_TYPE, Record, Abbrev);
cutoff-main-a1194be1	llvm/lib/Bitcode/Writer/BitcodeWriter.cpp	2157	RECORD_EMIT	UNRESOLVED_CONTEXT	Stream.EmitRecord(bitc::METADATA_COMPOSITE_TYPE, Record, Abbrev);
cutoff-main-a1194be1	llvm/lib/Bitcode/Writer/BitcodeWriter.cpp	2170	RECORD_EMIT	UNRESOLVED_CONTEXT	Stream.EmitRecord(bitc::METADATA_SUBROUTINE_TYPE, Record, Abbrev);
cutoff-main-a1194be1	llvm/lib/Bitcode/Writer/BitcodeWriter.cpp	2193	RECORD_EMIT	UNRESOLVED_CONTEXT	Stream.EmitRecord(bitc::METADATA_FILE, Record, Abbrev);
cutoff-main-a1194be1	llvm/lib/Bitcode/Writer/BitcodeWriter.cpp	2233	RECORD_EMIT	UNRESOLVED_CONTEXT	Stream.EmitRecord(bitc::METADATA_COMPILE_UNIT, Record, Abbrev);
cutoff-main-a1194be1	llvm/lib/Bitcode/Writer/BitcodeWriter.cpp	2264	RECORD_EMIT	UNRESOLVED_CONTEXT	Stream.EmitRecord(bitc::METADATA_SUBPROGRAM, Record, Abbrev);
cutoff-main-a1194be1	llvm/lib/Bitcode/Writer/BitcodeWriter.cpp	2277	RECORD_EMIT	UNRESOLVED_CONTEXT	Stream.EmitRecord(bitc::METADATA_LEXICAL_BLOCK, Record, Abbrev);
cutoff-main-a1194be1	llvm/lib/Bitcode/Writer/BitcodeWriter.cpp	2289	RECORD_EMIT	UNRESOLVED_CONTEXT	Stream.EmitRecord(bitc::METADATA_LEXICAL_BLOCK_FILE, Record, Abbrev);
cutoff-main-a1194be1	llvm/lib/Bitcode/Writer/BitcodeWriter.cpp	2303	RECORD_EMIT	UNRESOLVED_CONTEXT	Stream.EmitRecord(bitc::METADATA_COMMON_BLOCK, Record, Abbrev);
cutoff-main-a1194be1	llvm/lib/Bitcode/Writer/BitcodeWriter.cpp	2314	RECORD_EMIT	ModuleBitcodeWriter::writeDINamespace	Stream.EmitRecord(bitc::METADATA_NAMESPACE, Record, Abbrev);
cutoff-main-a1194be1	llvm/lib/Bitcode/Writer/BitcodeWriter.cpp	2327	RECORD_EMIT	UNRESOLVED_CONTEXT	Stream.EmitRecord(bitc::METADATA_MACRO, Record, Abbrev);
cutoff-main-a1194be1	llvm/lib/Bitcode/Writer/BitcodeWriter.cpp	2340	RECORD_EMIT	UNRESOLVED_CONTEXT	Stream.EmitRecord(bitc::METADATA_MACRO_FILE, Record, Abbrev);
cutoff-main-a1194be1	llvm/lib/Bitcode/Writer/BitcodeWriter.cpp	2350	RECORD_EMIT	ModuleBitcodeWriter::writeDIArgList	Stream.EmitRecord(bitc::METADATA_ARG_LIST, Record);
cutoff-main-a1194be1	llvm/lib/Bitcode/Writer/BitcodeWriter.cpp	2363	RECORD_EMIT	UNRESOLVED_CONTEXT	Stream.EmitRecord(bitc::METADATA_MODULE, Record, Abbrev);
cutoff-main-a1194be1	llvm/lib/Bitcode/Writer/BitcodeWriter.cpp	2372	RECORD_EMIT	ModuleBitcodeWriter::writeDIAssignID	Stream.EmitRecord(bitc::METADATA_ASSIGN_ID, Record, Abbrev);
cutoff-main-a1194be1	llvm/lib/Bitcode/Writer/BitcodeWriter.cpp	2384	RECORD_EMIT	UNRESOLVED_CONTEXT	Stream.EmitRecord(bitc::METADATA_TEMPLATE_TYPE, Record, Abbrev);
cutoff-main-a1194be1	llvm/lib/Bitcode/Writer/BitcodeWriter.cpp	2398	RECORD_EMIT	UNRESOLVED_CONTEXT	Stream.EmitRecord(bitc::METADATA_TEMPLATE_VALUE, Record, Abbrev);
cutoff-main-a1194be1	llvm/lib/Bitcode/Writer/BitcodeWriter.cpp	2420	RECORD_EMIT	UNRESOLVED_CONTEXT	Stream.EmitRecord(bitc::METADATA_GLOBAL_VAR, Record, Abbrev);
cutoff-main-a1194be1	llvm/lib/Bitcode/Writer/BitcodeWriter.cpp	2452	RECORD_EMIT	UNRESOLVED_CONTEXT	Stream.EmitRecord(bitc::METADATA_LOCAL_VAR, Record, Abbrev);
cutoff-main-a1194be1	llvm/lib/Bitcode/Writer/BitcodeWriter.cpp	2470	RECORD_EMIT	UNRESOLVED_CONTEXT	Stream.EmitRecord(bitc::METADATA_LABEL, Record, Abbrev);
cutoff-main-a1194be1	llvm/lib/Bitcode/Writer/BitcodeWriter.cpp	2482	RECORD_EMIT	UNRESOLVED_CONTEXT	Stream.EmitRecord(bitc::METADATA_EXPRESSION, Record, Abbrev);
cutoff-main-a1194be1	llvm/lib/Bitcode/Writer/BitcodeWriter.cpp	2493	RECORD_EMIT	ModuleBitcodeWriter::writeDIGlobalVariableExpression	Stream.EmitRecord(bitc::METADATA_GLOBAL_VAR_EXPR, Record, Abbrev);
cutoff-main-a1194be1	llvm/lib/Bitcode/Writer/BitcodeWriter.cpp	2509	RECORD_EMIT	UNRESOLVED_CONTEXT	Stream.EmitRecord(bitc::METADATA_OBJC_PROPERTY, Record, Abbrev);
cutoff-main-a1194be1	llvm/lib/Bitcode/Writer/BitcodeWriter.cpp	2525	RECORD_EMIT	UNRESOLVED_CONTEXT	Stream.EmitRecord(bitc::METADATA_IMPORTED_ENTITY, Record, Abbrev);
cutoff-main-a1194be1	llvm/lib/Bitcode/Writer/BitcodeWriter.cpp	2534	LOCAL_ABBREV_DEFINE	std::move	return Stream.EmitAbbrev(std::move(Abbv));
cutoff-main-a1194be1	llvm/lib/Bitcode/Writer/BitcodeWriter.cpp	2547	RECORD_EMIT	UNRESOLVED_CONTEXT	Stream.EmitRecord(bitc::METADATA_NAME, Record, Abbrev);
cutoff-main-a1194be1	llvm/lib/Bitcode/Writer/BitcodeWriter.cpp	2553	RECORD_EMIT	UNRESOLVED_CONTEXT	Stream.EmitRecord(bitc::METADATA_NAMED_NODE, Record, 0);
cutoff-main-a1194be1	llvm/lib/Bitcode/Writer/BitcodeWriter.cpp	2564	LOCAL_ABBREV_DEFINE	std::move	return Stream.EmitAbbrev(std::move(Abbv));
cutoff-main-a1194be1	llvm/lib/Bitcode/Writer/BitcodeWriter.cpp	2597	RECORD_WITH_BLOB	UNRESOLVED_CONTEXT	Stream.EmitRecordWithBlob(createMetadataStringsAbbrev(), Record, Blob);
cutoff-main-a1194be1	llvm/lib/Bitcode/Writer/BitcodeWriter.cpp	2650	BLOCK_ENTER	ModuleBitcodeWriter::writeModuleMetadata	Stream.EnterSubblock(bitc::METADATA_BLOCK_ID, 4);
cutoff-main-a1194be1	llvm/lib/Bitcode/Writer/BitcodeWriter.cpp	2666	LOCAL_ABBREV_DEFINE	std::move	unsigned OffsetAbbrev = Stream.EmitAbbrev(std::move(Abbv));
cutoff-main-a1194be1	llvm/lib/Bitcode/Writer/BitcodeWriter.cpp	2672	LOCAL_ABBREV_DEFINE	std::move	unsigned IndexAbbrev = Stream.EmitAbbrev(std::move(Abbv));
cutoff-main-a1194be1	llvm/lib/Bitcode/Writer/BitcodeWriter.cpp	2685	RECORD_EMIT	UNRESOLVED_CONTEXT	Stream.EmitRecord(bitc::METADATA_INDEX_OFFSET, Vals, OffsetAbbrev);
cutoff-main-a1194be1	llvm/lib/Bitcode/Writer/BitcodeWriter.cpp	2705	BACKPATCH	UNRESOLVED_CONTEXT	Stream.BackpatchWord64(IndexOffsetRecordBitPos - 64,
cutoff-main-a1194be1	llvm/lib/Bitcode/Writer/BitcodeWriter.cpp	2716	RECORD_EMIT	UNRESOLVED_CONTEXT	Stream.EmitRecord(bitc::METADATA_INDEX, IndexPos, IndexAbbrev);
cutoff-main-a1194be1	llvm/lib/Bitcode/Writer/BitcodeWriter.cpp	2727	RECORD_EMIT	UNRESOLVED_CONTEXT	Stream.EmitRecord(bitc::METADATA_GLOBAL_DECL_ATTACHMENT, Record);
cutoff-main-a1194be1	llvm/lib/Bitcode/Writer/BitcodeWriter.cpp	2748	BLOCK_ENTER	ModuleBitcodeWriter::writeFunctionMetadata	Stream.EnterSubblock(bitc::METADATA_BLOCK_ID, 3);
cutoff-main-a1194be1	llvm/lib/Bitcode/Writer/BitcodeWriter.cpp	2767	BLOCK_ENTER	ModuleBitcodeWriter::writeFunctionMetadataAttachment	Stream.EnterSubblock(bitc::METADATA_ATTACHMENT_ID, 3);
cutoff-main-a1194be1	llvm/lib/Bitcode/Writer/BitcodeWriter.cpp	2773	RECORD_EMIT	ModuleBitcodeWriter::writeFunctionMetadataAttachment	Stream.EmitRecord(bitc::METADATA_ATTACHMENT, Record, 0);
cutoff-main-a1194be1	llvm/lib/Bitcode/Writer/BitcodeWriter.cpp	2794	RECORD_EMIT	UNRESOLVED_CONTEXT	Stream.EmitRecord(bitc::METADATA_ATTACHMENT, Record, 0);
cutoff-main-a1194be1	llvm/lib/Bitcode/Writer/BitcodeWriter.cpp	2811	BLOCK_ENTER	UNRESOLVED_CONTEXT	Stream.EnterSubblock(bitc::METADATA_KIND_BLOCK_ID, 3);
cutoff-main-a1194be1	llvm/lib/Bitcode/Writer/BitcodeWriter.cpp	2818	RECORD_EMIT	UNRESOLVED_CONTEXT	Stream.EmitRecord(bitc::METADATA_KIND, Record, 0);
cutoff-main-a1194be1	llvm/lib/Bitcode/Writer/BitcodeWriter.cpp	2838	BLOCK_ENTER	UNRESOLVED_CONTEXT	Stream.EnterSubblock(bitc::OPERAND_BUNDLE_TAGS_BLOCK_ID, 3);
cutoff-main-a1194be1	llvm/lib/Bitcode/Writer/BitcodeWriter.cpp	2845	RECORD_EMIT	UNRESOLVED_CONTEXT	Stream.EmitRecord(bitc::OPERAND_BUNDLE_TAG, Record, 0);
cutoff-main-a1194be1	llvm/lib/Bitcode/Writer/BitcodeWriter.cpp	2858	BLOCK_ENTER	ModuleBitcodeWriter::writeSyncScopeNames	Stream.EnterSubblock(bitc::SYNC_SCOPE_NAMES_BLOCK_ID, 2);
cutoff-main-a1194be1	llvm/lib/Bitcode/Writer/BitcodeWriter.cpp	2863	RECORD_EMIT	UNRESOLVED_CONTEXT	Stream.EmitRecord(bitc::SYNC_SCOPE_NAME, Record, 0);
cutoff-main-a1194be1	llvm/lib/Bitcode/Writer/BitcodeWriter.cpp	2874	BLOCK_ENTER	ModuleBitcodeWriter::writeConstants	Stream.EnterSubblock(bitc::CONSTANTS_BLOCK_ID, 4);
cutoff-main-a1194be1	llvm/lib/Bitcode/Writer/BitcodeWriter.cpp	2887	LOCAL_ABBREV_DEFINE	std::move	AggregateAbbrev = Stream.EmitAbbrev(std::move(Abbv));
cutoff-main-a1194be1	llvm/lib/Bitcode/Writer/BitcodeWriter.cpp	2894	LOCAL_ABBREV_DEFINE	std::move	String8Abbrev = Stream.EmitAbbrev(std::move(Abbv));
cutoff-main-a1194be1	llvm/lib/Bitcode/Writer/BitcodeWriter.cpp	2900	LOCAL_ABBREV_DEFINE	std::move	CString7Abbrev = Stream.EmitAbbrev(std::move(Abbv));
cutoff-main-a1194be1	llvm/lib/Bitcode/Writer/BitcodeWriter.cpp	2906	LOCAL_ABBREV_DEFINE	std::move	CString6Abbrev = Stream.EmitAbbrev(std::move(Abbv));
cutoff-main-a1194be1	llvm/lib/Bitcode/Writer/BitcodeWriter.cpp	2919	RECORD_EMIT	UNRESOLVED_CONTEXT	Stream.EmitRecord(bitc::CST_CODE_SETTYPE, Record,
cutoff-main-a1194be1	llvm/lib/Bitcode/Writer/BitcodeWriter.cpp	2939	RECORD_EMIT	UNRESOLVED_CONTEXT	Stream.EmitRecord(bitc::CST_CODE_INLINEASM, Record);
cutoff-main-a1194be1	llvm/lib/Bitcode/Writer/BitcodeWriter.cpp	3138	RECORD_EMIT	UNRESOLVED_CONTEXT	Stream.EmitRecord(Code, Record, AbbrevToUse);
cutoff-main-a1194be1	llvm/lib/Bitcode/Writer/BitcodeWriter.cpp	3203	RECORD_EMIT	UNRESOLVED_CONTEXT	Stream.EmitRecord(bitc::FUNC_CODE_OPERAND_BUNDLE, Record);
cutoff-main-a1194be1	llvm/lib/Bitcode/Writer/BitcodeWriter.cpp	3526	RECORD_EMIT	UNRESOLVED_CONTEXT	Stream.EmitRecord(Code, Vals64, AbbrevToUse);
cutoff-main-a1194be1	llvm/lib/Bitcode/Writer/BitcodeWriter.cpp	3690	RECORD_EMIT	UNRESOLVED_CONTEXT	Stream.EmitRecord(Code, Vals, AbbrevToUse);
cutoff-main-a1194be1	llvm/lib/Bitcode/Writer/BitcodeWriter.cpp	3707	BACKPATCH	UNRESOLVED_CONTEXT	Stream.BackpatchWord(VSTOffsetPlaceholder, VSTOffset / 32 + 1);
cutoff-main-a1194be1	llvm/lib/Bitcode/Writer/BitcodeWriter.cpp	3709	BLOCK_ENTER	UNRESOLVED_CONTEXT	Stream.EnterSubblock(bitc::VALUE_SYMTAB_BLOCK_ID, 4);
cutoff-main-a1194be1	llvm/lib/Bitcode/Writer/BitcodeWriter.cpp	3715	LOCAL_ABBREV_DEFINE	std::move	unsigned FnEntryAbbrev = Stream.EmitAbbrev(std::move(Abbv));
cutoff-main-a1194be1	llvm/lib/Bitcode/Writer/BitcodeWriter.cpp	3734	RECORD_EMIT	UNRESOLVED_CONTEXT	Stream.EmitRecord(bitc::VST_CODE_FNENTRY, Record, FnEntryAbbrev);
cutoff-main-a1194be1	llvm/lib/Bitcode/Writer/BitcodeWriter.cpp	3746	BLOCK_ENTER	ModuleBitcodeWriter::writeFunctionLevelValueSymbolTable	Stream.EnterSubblock(bitc::VALUE_SYMTAB_BLOCK_ID, 4);
cutoff-main-a1194be1	llvm/lib/Bitcode/Writer/BitcodeWriter.cpp	3778	RECORD_EMIT	UNRESOLVED_CONTEXT	Stream.EmitRecord(Code, NameVals, AbbrevToUse);
cutoff-main-a1194be1	llvm/lib/Bitcode/Writer/BitcodeWriter.cpp	3795	RECORD_EMIT	UNRESOLVED_CONTEXT	Stream.EmitRecord(Code, Record);
cutoff-main-a1194be1	llvm/lib/Bitcode/Writer/BitcodeWriter.cpp	3809	BLOCK_ENTER	UNRESOLVED_CONTEXT	Stream.EnterSubblock(bitc::USELIST_BLOCK_ID, 3);
cutoff-main-a1194be1	llvm/lib/Bitcode/Writer/BitcodeWriter.cpp	3825	BLOCK_ENTER	ModuleBitcodeWriter::writeFunction	Stream.EnterSubblock(bitc::FUNCTION_BLOCK_ID, 5);
cutoff-main-a1194be1	llvm/lib/Bitcode/Writer/BitcodeWriter.cpp	3833	RECORD_EMIT	UNRESOLVED_CONTEXT	Stream.EmitRecord(bitc::FUNC_CODE_DECLAREBLOCKS, Vals);
cutoff-main-a1194be1	llvm/lib/Bitcode/Writer/BitcodeWriter.cpp	3867	RECORD_EMIT	UNRESOLVED_CONTEXT	Stream.EmitRecord(bitc::FUNC_CODE_DEBUG_LOC_AGAIN, Vals);
cutoff-main-a1194be1	llvm/lib/Bitcode/Writer/BitcodeWriter.cpp	3876	RECORD_EMIT	UNRESOLVED_CONTEXT	Stream.EmitRecord(bitc::FUNC_CODE_DEBUG_LOC, Vals,
cutoff-main-a1194be1	llvm/lib/Bitcode/Writer/BitcodeWriter.cpp	3918	RECORD_EMIT	UNRESOLVED_CONTEXT	Stream.EmitRecord(bitc::FUNC_CODE_DEBUG_RECORD_LABEL, Vals);
cutoff-main-a1194be1	llvm/lib/Bitcode/Writer/BitcodeWriter.cpp	3939	RECORD_EMIT	UNRESOLVED_CONTEXT	Stream.EmitRecord(bitc::FUNC_CODE_DEBUG_RECORD_VALUE_SIMPLE, Vals,
cutoff-main-a1194be1	llvm/lib/Bitcode/Writer/BitcodeWriter.cpp	3942	RECORD_EMIT	UNRESOLVED_CONTEXT	Stream.EmitRecord(bitc::FUNC_CODE_DEBUG_RECORD_VALUE, Vals);
cutoff-main-a1194be1	llvm/lib/Bitcode/Writer/BitcodeWriter.cpp	3945	RECORD_EMIT	UNRESOLVED_CONTEXT	Stream.EmitRecord(bitc::FUNC_CODE_DEBUG_RECORD_DECLARE, Vals);
cutoff-main-a1194be1	llvm/lib/Bitcode/Writer/BitcodeWriter.cpp	3948	RECORD_EMIT	UNRESOLVED_CONTEXT	Stream.EmitRecord(bitc::FUNC_CODE_DEBUG_RECORD_DECLARE_VALUE, Vals);
cutoff-main-a1194be1	llvm/lib/Bitcode/Writer/BitcodeWriter.cpp	3955	RECORD_EMIT	UNRESOLVED_CONTEXT	Stream.EmitRecord(bitc::FUNC_CODE_DEBUG_RECORD_ASSIGN, Vals);
cutoff-main-a1194be1	llvm/lib/Bitcode/Writer/BitcodeWriter.cpp	3984	RECORD_EMIT	llvm::enumerate	Stream.EmitRecord(bitc::FUNC_CODE_BLOCKADDR_USERS, Vals);
cutoff-main-a1194be1	llvm/lib/Bitcode/Writer/BitcodeWriter.cpp	4019	BLOCKINFO_ABBREV_DEFINE	UNRESOLVED_CONTEXT	if (Stream.EmitBlockInfoAbbrev(bitc::VALUE_SYMTAB_BLOCK_ID, Abbv) !=
cutoff-main-a1194be1	llvm/lib/Bitcode/Writer/BitcodeWriter.cpp	4030	BLOCKINFO_ABBREV_DEFINE	UNRESOLVED_CONTEXT	if (Stream.EmitBlockInfoAbbrev(bitc::VALUE_SYMTAB_BLOCK_ID, Abbv) !=
cutoff-main-a1194be1	llvm/lib/Bitcode/Writer/BitcodeWriter.cpp	4040	BLOCKINFO_ABBREV_DEFINE	UNRESOLVED_CONTEXT	if (Stream.EmitBlockInfoAbbrev(bitc::VALUE_SYMTAB_BLOCK_ID, Abbv) !=
cutoff-main-a1194be1	llvm/lib/Bitcode/Writer/BitcodeWriter.cpp	4050	BLOCKINFO_ABBREV_DEFINE	UNRESOLVED_CONTEXT	if (Stream.EmitBlockInfoAbbrev(bitc::VALUE_SYMTAB_BLOCK_ID, Abbv) !=
cutoff-main-a1194be1	llvm/lib/Bitcode/Writer/BitcodeWriter.cpp	4059	BLOCKINFO_ABBREV_DEFINE	UNRESOLVED_CONTEXT	if (Stream.EmitBlockInfoAbbrev(bitc::CONSTANTS_BLOCK_ID, Abbv) !=
cutoff-main-a1194be1	llvm/lib/Bitcode/Writer/BitcodeWriter.cpp	4068	BLOCKINFO_ABBREV_DEFINE	UNRESOLVED_CONTEXT	if (Stream.EmitBlockInfoAbbrev(bitc::CONSTANTS_BLOCK_ID, Abbv) !=
cutoff-main-a1194be1	llvm/lib/Bitcode/Writer/BitcodeWriter.cpp	4077	BLOCKINFO_ABBREV_DEFINE	UNRESOLVED_CONTEXT	if (Stream.EmitBlockInfoAbbrev(bitc::CONSTANTS_BLOCK_ID, Abbv) !=
cutoff-main-a1194be1	llvm/lib/Bitcode/Writer/BitcodeWriter.cpp	4090	BLOCKINFO_ABBREV_DEFINE	UNRESOLVED_CONTEXT	if (Stream.EmitBlockInfoAbbrev(bitc::CONSTANTS_BLOCK_ID, Abbv) !=
cutoff-main-a1194be1	llvm/lib/Bitcode/Writer/BitcodeWriter.cpp	4097	BLOCKINFO_ABBREV_DEFINE	UNRESOLVED_CONTEXT	if (Stream.EmitBlockInfoAbbrev(bitc::CONSTANTS_BLOCK_ID, Abbv) !=
cutoff-main-a1194be1	llvm/lib/Bitcode/Writer/BitcodeWriter.cpp	4111	BLOCKINFO_ABBREV_DEFINE	UNRESOLVED_CONTEXT	if (Stream.EmitBlockInfoAbbrev(bitc::FUNCTION_BLOCK_ID, Abbv) !=
cutoff-main-a1194be1	llvm/lib/Bitcode/Writer/BitcodeWriter.cpp	4122	BLOCKINFO_ABBREV_DEFINE	UNRESOLVED_CONTEXT	if (Stream.EmitBlockInfoAbbrev(bitc::FUNCTION_BLOCK_ID, Abbv) !=
cutoff-main-a1194be1	llvm/lib/Bitcode/Writer/BitcodeWriter.cpp	4131	BLOCKINFO_ABBREV_DEFINE	UNRESOLVED_CONTEXT	if (Stream.EmitBlockInfoAbbrev(bitc::FUNCTION_BLOCK_ID, Abbv) !=
cutoff-main-a1194be1	llvm/lib/Bitcode/Writer/BitcodeWriter.cpp	4141	BLOCKINFO_ABBREV_DEFINE	UNRESOLVED_CONTEXT	if (Stream.EmitBlockInfoAbbrev(bitc::FUNCTION_BLOCK_ID, Abbv) !=
cutoff-main-a1194be1	llvm/lib/Bitcode/Writer/BitcodeWriter.cpp	4151	BLOCKINFO_ABBREV_DEFINE	UNRESOLVED_CONTEXT	if (Stream.EmitBlockInfoAbbrev(bitc::FUNCTION_BLOCK_ID, Abbv) !=
cutoff-main-a1194be1	llvm/lib/Bitcode/Writer/BitcodeWriter.cpp	4162	BLOCKINFO_ABBREV_DEFINE	UNRESOLVED_CONTEXT	if (Stream.EmitBlockInfoAbbrev(bitc::FUNCTION_BLOCK_ID, Abbv) !=
cutoff-main-a1194be1	llvm/lib/Bitcode/Writer/BitcodeWriter.cpp	4172	BLOCKINFO_ABBREV_DEFINE	UNRESOLVED_CONTEXT	if (Stream.EmitBlockInfoAbbrev(bitc::FUNCTION_BLOCK_ID, Abbv) !=
cutoff-main-a1194be1	llvm/lib/Bitcode/Writer/BitcodeWriter.cpp	4183	BLOCKINFO_ABBREV_DEFINE	UNRESOLVED_CONTEXT	if (Stream.EmitBlockInfoAbbrev(bitc::FUNCTION_BLOCK_ID, Abbv) !=
cutoff-main-a1194be1	llvm/lib/Bitcode/Writer/BitcodeWriter.cpp	4191	BLOCKINFO_ABBREV_DEFINE	UNRESOLVED_CONTEXT	if (Stream.EmitBlockInfoAbbrev(bitc::FUNCTION_BLOCK_ID, Abbv) !=
cutoff-main-a1194be1	llvm/lib/Bitcode/Writer/BitcodeWriter.cpp	4199	BLOCKINFO_ABBREV_DEFINE	UNRESOLVED_CONTEXT	if (Stream.EmitBlockInfoAbbrev(bitc::FUNCTION_BLOCK_ID, Abbv) !=
cutoff-main-a1194be1	llvm/lib/Bitcode/Writer/BitcodeWriter.cpp	4208	BLOCKINFO_ABBREV_DEFINE	UNRESOLVED_CONTEXT	if (Stream.EmitBlockInfoAbbrev(bitc::FUNCTION_BLOCK_ID, Abbv) !=
cutoff-main-a1194be1	llvm/lib/Bitcode/Writer/BitcodeWriter.cpp	4219	BLOCKINFO_ABBREV_DEFINE	UNRESOLVED_CONTEXT	if (Stream.EmitBlockInfoAbbrev(bitc::FUNCTION_BLOCK_ID, Abbv) !=
cutoff-main-a1194be1	llvm/lib/Bitcode/Writer/BitcodeWriter.cpp	4226	BLOCKINFO_ABBREV_DEFINE	UNRESOLVED_CONTEXT	if (Stream.EmitBlockInfoAbbrev(bitc::FUNCTION_BLOCK_ID, Abbv) !=
cutoff-main-a1194be1	llvm/lib/Bitcode/Writer/BitcodeWriter.cpp	4237	BLOCKINFO_ABBREV_DEFINE	UNRESOLVED_CONTEXT	if (Stream.EmitBlockInfoAbbrev(bitc::FUNCTION_BLOCK_ID, Abbv) !=
cutoff-main-a1194be1	llvm/lib/Bitcode/Writer/BitcodeWriter.cpp	4247	BLOCKINFO_ABBREV_DEFINE	UNRESOLVED_CONTEXT	if (Stream.EmitBlockInfoAbbrev(bitc::FUNCTION_BLOCK_ID, Abbv) !=
cutoff-main-a1194be1	llvm/lib/Bitcode/Writer/BitcodeWriter.cpp	4258	BLOCKINFO_ABBREV_DEFINE	UNRESOLVED_CONTEXT	if (Stream.EmitBlockInfoAbbrev(bitc::FUNCTION_BLOCK_ID, Abbv) !=
cutoff-main-a1194be1	llvm/lib/Bitcode/Writer/BitcodeWriter.cpp	4269	BLOCKINFO_ABBREV_DEFINE	UNRESOLVED_CONTEXT	if (Stream.EmitBlockInfoAbbrev(bitc::FUNCTION_BLOCK_ID, Abbv) !=
cutoff-main-a1194be1	llvm/lib/Bitcode/Writer/BitcodeWriter.cpp	4284	BLOCKINFO_ABBREV_DEFINE	UNRESOLVED_CONTEXT	if (Stream.EmitBlockInfoAbbrev(bitc::FUNCTION_BLOCK_ID, Abbv) !=
cutoff-main-a1194be1	llvm/lib/Bitcode/Writer/BitcodeWriter.cpp	4294	BLOCK_ENTER	IndexBitcodeWriter::writeModStrings	Stream.EnterSubblock(bitc::MODULE_STRTAB_BLOCK_ID, 3);
cutoff-main-a1194be1	llvm/lib/Bitcode/Writer/BitcodeWriter.cpp	4304	LOCAL_ABBREV_DEFINE	std::move	unsigned Abbrev8Bit = Stream.EmitAbbrev(std::move(Abbv));
cutoff-main-a1194be1	llvm/lib/Bitcode/Writer/BitcodeWriter.cpp	4312	LOCAL_ABBREV_DEFINE	std::move	unsigned Abbrev7Bit = Stream.EmitAbbrev(std::move(Abbv));
cutoff-main-a1194be1	llvm/lib/Bitcode/Writer/BitcodeWriter.cpp	4320	LOCAL_ABBREV_DEFINE	std::move	unsigned Abbrev6Bit = Stream.EmitAbbrev(std::move(Abbv));
cutoff-main-a1194be1	llvm/lib/Bitcode/Writer/BitcodeWriter.cpp	4330	LOCAL_ABBREV_DEFINE	std::move	unsigned AbbrevHash = Stream.EmitAbbrev(std::move(Abbv));
cutoff-main-a1194be1	llvm/lib/Bitcode/Writer/BitcodeWriter.cpp	4350	RECORD_EMIT	UNRESOLVED_CONTEXT	Stream.EmitRecord(bitc::MST_CODE_ENTRY, Vals, AbbrevToUse);
cutoff-main-a1194be1	llvm/lib/Bitcode/Writer/BitcodeWriter.cpp	4356	RECORD_EMIT	llvm::any_of	Stream.EmitRecord(bitc::MST_CODE_HASH, Vals, AbbrevHash);
cutoff-main-a1194be1	llvm/lib/Bitcode/Writer/BitcodeWriter.cpp	4371	RECORD_EMIT	entry	Stream.EmitRecord(bitc::FS_TYPE_TESTS, FS->type_tests());
cutoff-main-a1194be1	llvm/lib/Bitcode/Writer/BitcodeWriter.cpp	4384	RECORD_EMIT	UNRESOLVED_CONTEXT	Stream.EmitRecord(Ty, Record);
cutoff-main-a1194be1	llvm/lib/Bitcode/Writer/BitcodeWriter.cpp	4399	RECORD_EMIT	llvm::append_range	Stream.EmitRecord(Ty, Record);
cutoff-main-a1194be1	llvm/lib/Bitcode/Writer/BitcodeWriter.cpp	4437	RECORD_EMIT	UNRESOLVED_CONTEXT	Stream.EmitRecord(bitc::FS_PARAM_ACCESS, Record);
cutoff-main-a1194be1	llvm/lib/Bitcode/Writer/BitcodeWriter.cpp	4565	RECORD_EMIT	std::move	Stream.EmitRecord(bitc::FS_CONTEXT_RADIX_TREE_ARRAY, Builder.getRadixArray(),
cutoff-main-a1194be1	llvm/lib/Bitcode/Writer/BitcodeWriter.cpp	4594	RECORD_EMIT	llvm::append_range	Stream.EmitRecord(PerModule ? bitc::FS_PERMODULE_CALLSITE_INFO
cutoff-main-a1194be1	llvm/lib/Bitcode/Writer/BitcodeWriter.cpp	4646	RECORD_EMIT	UNRESOLVED_CONTEXT	Stream.EmitRecord(bitc::FS_ALLOC_CONTEXT_IDS, ContextIds,
cutoff-main-a1194be1	llvm/lib/Bitcode/Writer/BitcodeWriter.cpp	4649	RECORD_EMIT	UNRESOLVED_CONTEXT	Stream.EmitRecord(PerModule
cutoff-main-a1194be1	llvm/lib/Bitcode/Writer/BitcodeWriter.cpp	4691	RECORD_EMIT	UNRESOLVED_CONTEXT	Stream.EmitRecord(bitc::FS_PERMODULE_PROFILE, NameVals, FSCallsProfileAbbrev);
cutoff-main-a1194be1	llvm/lib/Bitcode/Writer/BitcodeWriter.cpp	4736	RECORD_EMIT	llvm::sort	Stream.EmitRecord(bitc::FS_PERMODULE_GLOBALVAR_INIT_REFS, NameVals,
cutoff-main-a1194be1	llvm/lib/Bitcode/Writer/BitcodeWriter.cpp	4745	RECORD_EMIT	UNRESOLVED_CONTEXT	Stream.EmitRecord(bitc::FS_PERMODULE_VTABLE_GLOBALVAR_INIT_REFS, NameVals,
cutoff-main-a1194be1	llvm/lib/Bitcode/Writer/BitcodeWriter.cpp	4760	BLOCK_ENTER	ModuleBitcodeWriterBase::writePerModuleGlobalValueSummary	Stream.EnterSubblock(IsThinLTO ? bitc::GLOBALVAL_SUMMARY_BLOCK_ID
cutoff-main-a1194be1	llvm/lib/Bitcode/Writer/BitcodeWriter.cpp	4764	RECORD_EMIT	UNRESOLVED_CONTEXT	Stream.EmitRecord(
cutoff-main-a1194be1	llvm/lib/Bitcode/Writer/BitcodeWriter.cpp	4776	RECORD_EMIT	UNRESOLVED_CONTEXT	Stream.EmitRecord(bitc::FS_FLAGS, ArrayRef<uint64_t>{Flags});
cutoff-main-a1194be1	llvm/lib/Bitcode/Writer/BitcodeWriter.cpp	4789	LOCAL_ABBREV_DEFINE	std::move	unsigned ValueGuidAbbrev = Stream.EmitAbbrev(std::move(Abbv));
cutoff-main-a1194be1	llvm/lib/Bitcode/Writer/BitcodeWriter.cpp	4792	RECORD_EMIT	std::move	Stream.EmitRecord(bitc::FS_VALUE_GUID,
cutoff-main-a1194be1	llvm/lib/Bitcode/Writer/BitcodeWriter.cpp	4807	LOCAL_ABBREV_DEFINE	std::move	unsigned StackIdAbbvId = Stream.EmitAbbrev(std::move(StackIdAbbv));
cutoff-main-a1194be1	llvm/lib/Bitcode/Writer/BitcodeWriter.cpp	4814	RECORD_EMIT	std::move	Stream.EmitRecord(bitc::FS_STACK_IDS, Vals, StackIdAbbvId);
cutoff-main-a1194be1	llvm/lib/Bitcode/Writer/BitcodeWriter.cpp	4832	LOCAL_ABBREV_DEFINE	std::move	ContextIdAbbvId = Stream.EmitAbbrev(std::move(ContextIdAbbv));
cutoff-main-a1194be1	llvm/lib/Bitcode/Writer/BitcodeWriter.cpp	4848	LOCAL_ABBREV_DEFINE	std::move	unsigned FSCallsProfileAbbrev = Stream.EmitAbbrev(std::move(Abbv));
cutoff-main-a1194be1	llvm/lib/Bitcode/Writer/BitcodeWriter.cpp	4857	LOCAL_ABBREV_DEFINE	std::move	unsigned FSModRefsAbbrev = Stream.EmitAbbrev(std::move(Abbv));
cutoff-main-a1194be1	llvm/lib/Bitcode/Writer/BitcodeWriter.cpp	4868	LOCAL_ABBREV_DEFINE	std::move	unsigned FSModVTableRefsAbbrev = Stream.EmitAbbrev(std::move(Abbv));
cutoff-main-a1194be1	llvm/lib/Bitcode/Writer/BitcodeWriter.cpp	4876	LOCAL_ABBREV_DEFINE	std::move	unsigned FSAliasAbbrev = Stream.EmitAbbrev(std::move(Abbv));
cutoff-main-a1194be1	llvm/lib/Bitcode/Writer/BitcodeWriter.cpp	4886	LOCAL_ABBREV_DEFINE	std::move	unsigned TypeIdCompatibleVtableAbbrev = Stream.EmitAbbrev(std::move(Abbv));
cutoff-main-a1194be1	llvm/lib/Bitcode/Writer/BitcodeWriter.cpp	4894	LOCAL_ABBREV_DEFINE	std::move	unsigned CallsiteAbbrev = Stream.EmitAbbrev(std::move(Abbv));
cutoff-main-a1194be1	llvm/lib/Bitcode/Writer/BitcodeWriter.cpp	4903	LOCAL_ABBREV_DEFINE	std::move	unsigned AllocAbbrev = Stream.EmitAbbrev(std::move(Abbv));
cutoff-main-a1194be1	llvm/lib/Bitcode/Writer/BitcodeWriter.cpp	4910	LOCAL_ABBREV_DEFINE	std::move	unsigned RadixAbbrev = Stream.EmitAbbrev(std::move(Abbv));
cutoff-main-a1194be1	llvm/lib/Bitcode/Writer/BitcodeWriter.cpp	4997	RECORD_EMIT	UNRESOLVED_CONTEXT	Stream.EmitRecord(bitc::FS_ALIAS, NameVals, FSAliasAbbrev);
cutoff-main-a1194be1	llvm/lib/Bitcode/Writer/BitcodeWriter.cpp	5004	RECORD_EMIT	UNRESOLVED_CONTEXT	Stream.EmitRecord(bitc::FS_TYPE_ID_METADATA, NameVals,
cutoff-main-a1194be1	llvm/lib/Bitcode/Writer/BitcodeWriter.cpp	5010	RECORD_EMIT	UNRESOLVED_CONTEXT	Stream.EmitRecord(bitc::FS_BLOCK_COUNT,
cutoff-main-a1194be1	llvm/lib/Bitcode/Writer/BitcodeWriter.cpp	5035	LOCAL_ABBREV_DEFINE	std::move	unsigned GUIDListAbbrev = Stream.EmitAbbrev(std::move(Abbv));
cutoff-main-a1194be1	llvm/lib/Bitcode/Writer/BitcodeWriter.cpp	5044	RECORD_EMIT	UNRESOLVED_CONTEXT	Stream.EmitRecord(bitc::MODULE_CODE_GUIDLIST, RecordVals, GUIDListAbbrev);
cutoff-main-a1194be1	llvm/lib/Bitcode/Writer/BitcodeWriter.cpp	5049	BLOCK_ENTER	IndexBitcodeWriter::writeCombinedGlobalValueSummary	Stream.EnterSubblock(bitc::GLOBALVAL_SUMMARY_BLOCK_ID, 4);
cutoff-main-a1194be1	llvm/lib/Bitcode/Writer/BitcodeWriter.cpp	5050	RECORD_EMIT	IndexBitcodeWriter::writeCombinedGlobalValueSummary	Stream.EmitRecord(
cutoff-main-a1194be1	llvm/lib/Bitcode/Writer/BitcodeWriter.cpp	5055	RECORD_EMIT	IndexBitcodeWriter::writeCombinedGlobalValueSummary	Stream.EmitRecord(bitc::FS_FLAGS, ArrayRef<uint64_t>{Index.getFlags()});
cutoff-main-a1194be1	llvm/lib/Bitcode/Writer/BitcodeWriter.cpp	5063	LOCAL_ABBREV_DEFINE	std::move	unsigned ValueGuidAbbrev = Stream.EmitAbbrev(std::move(Abbv));
cutoff-main-a1194be1	llvm/lib/Bitcode/Writer/BitcodeWriter.cpp	5066	RECORD_EMIT	std::move	Stream.EmitRecord(bitc::FS_VALUE_GUID,
cutoff-main-a1194be1	llvm/lib/Bitcode/Writer/BitcodeWriter.cpp	5083	LOCAL_ABBREV_DEFINE	std::move	unsigned StackIdAbbvId = Stream.EmitAbbrev(std::move(StackIdAbbv));
cutoff-main-a1194be1	llvm/lib/Bitcode/Writer/BitcodeWriter.cpp	5090	RECORD_EMIT	std::move	Stream.EmitRecord(bitc::FS_STACK_IDS, Vals, StackIdAbbvId);
cutoff-main-a1194be1	llvm/lib/Bitcode/Writer/BitcodeWriter.cpp	5108	LOCAL_ABBREV_DEFINE	std::move	unsigned FSCallsProfileAbbrev = Stream.EmitAbbrev(std::move(Abbv));
cutoff-main-a1194be1	llvm/lib/Bitcode/Writer/BitcodeWriter.cpp	5118	LOCAL_ABBREV_DEFINE	std::move	unsigned FSModRefsAbbrev = Stream.EmitAbbrev(std::move(Abbv));
cutoff-main-a1194be1	llvm/lib/Bitcode/Writer/BitcodeWriter.cpp	5127	LOCAL_ABBREV_DEFINE	std::move	unsigned FSAliasAbbrev = Stream.EmitAbbrev(std::move(Abbv));
cutoff-main-a1194be1	llvm/lib/Bitcode/Writer/BitcodeWriter.cpp	5137	LOCAL_ABBREV_DEFINE	std::move	unsigned CallsiteAbbrev = Stream.EmitAbbrev(std::move(Abbv));
cutoff-main-a1194be1	llvm/lib/Bitcode/Writer/BitcodeWriter.cpp	5150	LOCAL_ABBREV_DEFINE	std::move	unsigned AllocAbbrev = Stream.EmitAbbrev(std::move(Abbv));
cutoff-main-a1194be1	llvm/lib/Bitcode/Writer/BitcodeWriter.cpp	5184	RECORD_EMIT	GlobalValue::isLocalLinkage	Stream.EmitRecord(bitc::FS_COMBINED_ORIGINAL_NAME, NameVals);
cutoff-main-a1194be1	llvm/lib/Bitcode/Writer/BitcodeWriter.cpp	5195	LOCAL_ABBREV_DEFINE	std::move	unsigned RadixAbbrev = Stream.EmitAbbrev(std::move(Abbv));
cutoff-main-a1194be1	llvm/lib/Bitcode/Writer/BitcodeWriter.cpp	5278	RECORD_EMIT	UNRESOLVED_CONTEXT	Stream.EmitRecord(bitc::FS_COMBINED_GLOBALVAR_INIT_REFS, NameVals,
cutoff-main-a1194be1	llvm/lib/Bitcode/Writer/BitcodeWriter.cpp	5337	RECORD_EMIT	UNRESOLVED_CONTEXT	Stream.EmitRecord(bitc::FS_COMBINED_PROFILE, NameVals,
cutoff-main-a1194be1	llvm/lib/Bitcode/Writer/BitcodeWriter.cpp	5383	RECORD_EMIT	UNRESOLVED_CONTEXT	Stream.EmitRecord(bitc::FS_COMBINED_ALIAS, NameVals, FSAliasAbbrev);
cutoff-main-a1194be1	llvm/lib/Bitcode/Writer/BitcodeWriter.cpp	5410	RECORD_EMIT	llvm::sort	Stream.EmitRecord(Code, NameVals);
cutoff-main-a1194be1	llvm/lib/Bitcode/Writer/BitcodeWriter.cpp	5425	RECORD_EMIT	UNRESOLVED_CONTEXT	Stream.EmitRecord(bitc::FS_TYPE_ID, NameVals);
cutoff-main-a1194be1	llvm/lib/Bitcode/Writer/BitcodeWriter.cpp	5431	RECORD_EMIT	UNRESOLVED_CONTEXT	Stream.EmitRecord(bitc::FS_BLOCK_COUNT,
cutoff-main-a1194be1	llvm/lib/Bitcode/Writer/BitcodeWriter.cpp	5440	BLOCK_ENTER	writeIdentificationBlock	Stream.EnterSubblock(bitc::IDENTIFICATION_BLOCK_ID, 5);
cutoff-main-a1194be1	llvm/lib/Bitcode/Writer/BitcodeWriter.cpp	5447	LOCAL_ABBREV_DEFINE	std::move	auto StringAbbrev = Stream.EmitAbbrev(std::move(Abbv));
cutoff-main-a1194be1	llvm/lib/Bitcode/Writer/BitcodeWriter.cpp	5455	LOCAL_ABBREV_DEFINE	std::move	auto EpochAbbrev = Stream.EmitAbbrev(std::move(Abbv));
cutoff-main-a1194be1	llvm/lib/Bitcode/Writer/BitcodeWriter.cpp	5457	RECORD_EMIT	std::move	Stream.EmitRecord(bitc::IDENTIFICATION_CODE_EPOCH, Vals, EpochAbbrev);
cutoff-main-a1194be1	llvm/lib/Bitcode/Writer/BitcodeWriter.cpp	5474	RECORD_EMIT	support::endian::read32be	Stream.EmitRecord(bitc::MODULE_CODE_HASH, Vals);
cutoff-main-a1194be1	llvm/lib/Bitcode/Writer/BitcodeWriter.cpp	5485	BLOCK_ENTER	ModuleBitcodeWriter::write	Stream.EnterSubblock(bitc::MODULE_BLOCK_ID, 3);
cutoff-main-a1194be1	llvm/lib/Bitcode/Writer/BitcodeWriter.cpp	5755	BLOCK_ENTER	IndexBitcodeWriter::write	Stream.EnterSubblock(bitc::MODULE_BLOCK_ID, 3);
cutoff-main-a1194be1	llvm/lib/Bitcode/Writer/BitcodeWriter.cpp	5832	LOCAL_ABBREV_DEFINE	std::move	unsigned FilenameAbbrev = Stream.EmitAbbrev(std::move(Abbv));
cutoff-main-a1194be1	llvm/lib/Bitcode/Writer/BitcodeWriter.cpp	5837	RECORD_EMIT	std::move	Stream.EmitRecord(bitc::MODULE_CODE_SOURCE_FILENAME, Vals, FilenameAbbrev);
cutoff-main-a1194be1	llvm/lib/Bitcode/Writer/BitcodeWriter.cpp	5853	RECORD_EMIT	UNRESOLVED_CONTEXT	Stream.EmitRecord(bitc::MODULE_CODE_GLOBALVAR, Vals);
cutoff-main-a1194be1	llvm/lib/Bitcode/Writer/BitcodeWriter.cpp	5867	RECORD_EMIT	UNRESOLVED_CONTEXT	Stream.EmitRecord(bitc::MODULE_CODE_FUNCTION, Vals);
cutoff-main-a1194be1	llvm/lib/Bitcode/Writer/BitcodeWriter.cpp	5881	RECORD_EMIT	UNRESOLVED_CONTEXT	Stream.EmitRecord(bitc::MODULE_CODE_ALIAS, Vals);
cutoff-main-a1194be1	llvm/lib/Bitcode/Writer/BitcodeWriter.cpp	5895	RECORD_EMIT	UNRESOLVED_CONTEXT	Stream.EmitRecord(bitc::MODULE_CODE_IFUNC, Vals);
cutoff-main-a1194be1	llvm/lib/Bitcode/Writer/BitcodeWriter.cpp	5901	BLOCK_ENTER	ThinLinkBitcodeWriter::write	Stream.EnterSubblock(bitc::MODULE_BLOCK_ID, 3);
cutoff-main-a1194be1	llvm/lib/Bitcode/Writer/BitcodeWriter.cpp	5910	RECORD_EMIT	UNRESOLVED_CONTEXT	Stream.EmitRecord(bitc::MODULE_CODE_HASH, ArrayRef<uint32_t>(*ModHash));
